"scientific_name","rank","species_name","species_name_fishbase","genus_name","genus_name_fishbase","family_name","Adriatic_Sea","Aegean_Sea","Alboran_Sea","Ionian_Sea","Levantine_Sea","Western_Mediterranean"
"Aetomylaeus","genus",NA,NA,"Aetomylaeus","Aetomylaeus","Myliobatidae",0,0,18,0,0,123
"Aetomylaeus bovinus","species","Aetomylaeus bovinus","Aetomylaeus bovinus","Aetomylaeus","Aetomylaeus","Myliobatidae",0,0,0,0,27,3853
"Aidablennius sphynx","species","Aidablennius sphynx","Aidablennius sphynx","Aidablennius","Aidablennius","Blenniidae",437,0,0,391,0,21166
"Alepes djedaba","species","Alepes djedaba","Alepes djedaba","Alepes","Alepes","Carangidae",0,0,0,0,192,0
"Alopias","genus",NA,NA,"Alopias","Alopias","Alopiidae",0,0,0,0,0,1471
"Alopias vulpinus","species","Alopias vulpinus","Alopias vulpinus","Alopias","Alopias","Alopiidae",0,0,0,0,0,26508
"Anguilla","genus",NA,NA,"Anguilla","Anguilla","Anguillidae",0,0,0,0,0,976
"Anthias","genus",NA,NA,"Anthias","Anthias","Serranidae",0,115,0,3192,311,235470
"Anthias anthias","species","Anthias anthias","Anthias anthias","Anthias","Anthias","Serranidae",5818,16356,0,372350,1216,6155479
"Aphia minuta","species","Aphia minuta","Aphia minuta","Aphia","Aphia","Gobiidae",26,0,0,169528,206,75835
"Apogon","genus",NA,NA,"Apogon","Apogon","Apogonidae",0,0,0,1223,0,40201
"Apogon imberbis","species","Apogon imberbis","Apogon imberbis","Apogon","Apogon","Apogonidae",86,1661,0,304580,388,227812
"Apogon pacificus","species","Apogon pacificus","Apogon pacificus","Apogon","Apogon","Apogonidae",0,0,0,0,0,248
"Argyropelecus hemigymnus","species","Argyropelecus hemigymnus","Argyropelecus hemigymnus","Argyropelecus","Argyropelecus","Sternoptychidae",0,0,0,0,0,1991
"Ariosoma","genus",NA,NA,"Ariosoma","Ariosoma","Congridae",0,19,0,123,0,2885
"Arnoglossus","genus",NA,NA,"Arnoglossus","Arnoglossus","Bothidae",0,0,62,0,0,743
"Arnoglossus imperialis","species","Arnoglossus imperialis","Arnoglossus imperialis","Arnoglossus","Arnoglossus","Bothidae",0,0,0,0,0,493
"Arnoglossus laterna","species","Arnoglossus laterna","Arnoglossus laterna","Arnoglossus","Arnoglossus","Bothidae",0,0,1579,0,0,15493
"Arnoglossus thori","species","Arnoglossus thori","Arnoglossus thori","Arnoglossus","Arnoglossus","Bothidae",0,78,118,151,0,33197
"Atherina","genus",NA,NA,"Atherina","Atherina","Atherinidae",0,0,0,58,0,0
"Atherina boyeri","species","Atherina boyeri","Atherina boyeri","Atherina","Atherina","Atherinidae",0,0,0,105,0,0
"Atherinomorus forskalii","species","Atherinomorus forskalii","Atherinomorus forskalii","Atherinomorus","Atherinomorus","Atherinidae",0,0,0,0,16521,0
"Auxis","genus",NA,NA,"Auxis","Auxis","Scombridae",4112,38541,39,19575,1863,208146
"Balistes capriscus","species","Balistes capriscus","Balistes capriscus","Balistes","Balistes","Balistidae",0,0,0,186,568,176
"Bathytoshia","genus",NA,NA,"Bathytoshia","Bathytoshia","Dasyatidae",0,0,0,0,15,318
"Belone","genus",NA,NA,"Belone","Belone","Belonidae",42,0,0,0,0,9682
"Belone belone","species","Belone belone","Belone belone","Belone","Belone","Belonidae",8321,654,0,16809,0,666067
"Belonidae","family",NA,NA,NA,NA,"Belonidae",0,0,0,0,0,4746
"Benthocometes robustus","species","Benthocometes robustus","Benthocometes robustus","Benthocometes","Benthocometes","Ophidiidae",0,0,0,0,0,8405
"Blennius","genus",NA,NA,"Blennius","Blennius","Blenniidae",0,0,0,0,0,926
"Blennius ocellaris","species","Blennius ocellaris","Blennius ocellaris","Blennius","Blennius","Blenniidae",0,0,0,0,0,134131
"Boops boops","species","Boops boops","Boops boops","Boops","Boops","Sparidae",167989,39285,20140,290261,218923,5940420
"Bothus","genus",NA,NA,"Bothus","Bothus","Bothidae",0,0,0,0,0,85
"Bothus podas","species","Bothus podas","Bothus podas","Bothus","Bothus","Bothidae",0,0,0,0,0,634
"Brama","genus",NA,NA,"Brama","Brama","Bramidae",0,0,0,0,0,929
"Brama brama","species","Brama brama","Brama brama","Brama","Brama","Bramidae",0,0,0,0,0,46221
"Buenia","genus",NA,NA,"Buenia","Buenia","Gobiidae",0,0,0,1286,0,38421
"Buenia affinis","species","Buenia affinis","Buenia affinis","Buenia","Buenia","Gobiidae",0,0,73,38367,1281,2011797
"Buglossidium luteum","species","Buglossidium luteum","Buglossidium luteum","Buglossidium","Buglossidium","Soleidae",0,0,0,0,25,0
"Callionymus maculatus","species","Callionymus maculatus","Callionymus maculatus","Callionymus","Callionymus","Callionymidae",0,0,0,0,0,7
"Capros aper","species","Capros aper","Capros aper","Capros","Capros","Caproidae",0,0,0,0,0,64037
"Caranx","genus",NA,NA,"Caranx","Caranx","Carangidae",0,0,0,734,210,0
"Carapus acus","species","Carapus acus","Carapus acus","Carapus","Carapus","Carapidae",129,0,0,301,0,6996
"Carcharhinus","genus",NA,NA,"Carcharhinus","Carcharhinus","Carcharhinidae",0,0,0,0,14,0
"Centrolophus niger","species","Centrolophus niger","Centrolophus niger","Centrolophus","Centrolophus","Centrolophidae",0,0,4600,0,0,0
"Cepola macrophthalma","species","Cepola macrophthalma","Cepola macrophthalma","Cepola","Cepola","Cepolidae",247,0,0,1012,1201,37031
"Ceratoscopelus","genus",NA,NA,"Ceratoscopelus","Ceratoscopelus","Myctophidae",0,1770,778,66,3528,3592
"Ceratoscopelus maderensis","species","Ceratoscopelus maderensis","Ceratoscopelus maderensis","Ceratoscopelus","Ceratoscopelus","Myctophidae",376,11867,2775,5720,4902,41445
"Chauliodus sloani","species","Chauliodus sloani","Chauliodus sloani","Chauliodus","Chauliodus","Stomiidae",0,0,0,0,0,91
"Cheilodipterus","genus",NA,NA,"Cheilodipterus","Cheilodipterus","Apogonidae",0,0,0,0,78,0
"Cheilodipterus novemstriatus","species","Cheilodipterus novemstriatus","Cheilodipterus novemstriatus","Cheilodipterus","Cheilodipterus","Apogonidae",0,0,0,0,1425,0
"Chelon","genus",NA,NA,"Chelon","Chelon","Mugilidae",0,0,0,140,0,7891
"Chelon auratus","species","Chelon auratus","Chelon auratus","Chelon","Chelon","Mugilidae",45,165,1314,3076,449,101563
"Chelon labrosus","species","Chelon labrosus","Chelon labrosus","Chelon","Chelon","Mugilidae",50,384,0,1332,171,309005
"Chelon ramada","species","Chelon ramada","Chelon ramada","Chelon","Chelon","Mugilidae",0,0,16,0,231,80106
"Chlorophthalmus agassizi","species","Chlorophthalmus agassizi","Chlorophthalmus agassizi","Chlorophthalmus","Chlorophthalmus","Chlorophthalmidae",0,36,0,0,13,1346
"Chromis","genus",NA,NA,"Chromis","Chromis","Pomacentridae",687,800,0,15389,0,463053
"Chromis chromis","species","Chromis chromis","Chromis chromis","Chromis","Chromis","Pomacentridae",197056,173893,432,1313393,32819,13932483
"Citharus linguatula","species","Citharus linguatula","Citharus linguatula","Citharus","Citharus","Citharidae",0,0,0,0,0,1925
"Clupea","genus",NA,NA,"Clupea","Clupea","Clupeidae",0,0,0,12452,0,191
"Coelorinchus","genus",NA,NA,"Coelorinchus","Coelorinchus","Macrouridae",0,0,556,0,0,0
"Congridae","family",NA,NA,NA,NA,"Congridae",39,62,546,156204,0,69730
"Corcyrogobius liechtensteini","species","Corcyrogobius liechtensteini","Corcyrogobius liechtensteini","Corcyrogobius","Corcyrogobius","Gobiidae",0,0,0,1817,0,2154
"Coris","genus",NA,NA,"Coris","Coris","Labridae",0,539,0,4913,997,27512
"Coris julis","species","Coris julis","Coris julis","Coris","Coris","Labridae",6760,2738,0,158263,9287,1053619
"Coryphaena hippurus","species","Coryphaena hippurus","Coryphaena hippurus","Coryphaena","Coryphaena","Coryphaenidae",0,0,0,243,0,291
"Crystallogobius linearis","species","Crystallogobius linearis","Crystallogobius linearis","Crystallogobius","Crystallogobius","Gobiidae",0,106,121,55697,0,203366
"Ctenogobius boleosoma","species","Ctenogobius boleosoma","Ctenogobius boleosoma","Ctenogobius","Ctenogobius","Gobiidae",0,0,0,19,0,0
"Cyclothone","genus",NA,NA,"Cyclothone","Cyclothone","Gonostomatidae",0,140,0,452,0,1066
"Cyclothone braueri","species","Cyclothone braueri","Cyclothone braueri","Cyclothone","Cyclothone","Gonostomatidae",0,1029,0,1821,0,14611
"Dactylopterus volitans","species","Dactylopterus volitans","Dactylopterus volitans","Dactylopterus","Dactylopterus","Dactylopteridae",0,0,0,4155,0,35
"Dalophis imberbis","species","Dalophis imberbis","Dalophis imberbis","Dalophis","Dalophis","Ophichthidae",0,0,0,0,0,253
"Dasyatidae","family",NA,NA,NA,NA,"Dasyatidae",0,0,0,0,0,5984
"Dasyatis","genus",NA,NA,"Dasyatis","Dasyatis","Dasyatidae",0,0,0,0,0,174
"Dasyatis marmorata","species","Dasyatis marmorata","Dasyatis marmorata","Dasyatis","Dasyatis","Dasyatidae",0,0,0,0,4368,0
"Dasyatis pastinaca","species","Dasyatis pastinaca","Dasyatis pastinaca","Dasyatis","Dasyatis","Dasyatidae",0,0,0,172,465,12518
"Dasyatis tortonesei","species","Dasyatis tortonesei","Dasyatis tortonesei","Dasyatis","Dasyatis","Dasyatidae",0,0,0,33,41,9913
"Decapterus","genus",NA,NA,"Decapterus","Decapterus","Carangidae",0,0,0,0,455,0
"Deltentosteus","genus",NA,NA,"Deltentosteus","Deltentosteus","Gobiidae",0,0,0,0,0,11248
"Deltentosteus collonianus","species","Deltentosteus collonianus","Deltentosteus collonianus","Deltentosteus","Deltentosteus","Gobiidae",0,0,0,0,0,4262
"Dentex","genus",NA,NA,"Dentex","Dentex","Sparidae",0,0,0,0,378,0
"Diaphus","genus",NA,NA,"Diaphus","Diaphus","Myctophidae",0,0,0,0,739,0
"Diaphus holti","species","Diaphus holti","Diaphus holti","Diaphus","Diaphus","Myctophidae",0,0,0,0,0,1668
"Diaphus rafinesquii","species","Diaphus rafinesquii","Diaphus rafinesquii","Diaphus","Diaphus","Myctophidae",0,87,0,95,6514,0
"Dicentrarchus","genus",NA,NA,"Dicentrarchus","Dicentrarchus","Moronidae",0,0,0,0,2502,1958
"Dicentrarchus labrax","species","Dicentrarchus labrax","Dicentrarchus labrax","Dicentrarchus","Dicentrarchus","Moronidae",271,88,58298,18439,288501,647114
"Diplodus","genus",NA,NA,"Diplodus","Diplodus","Sparidae",7926,7626,3216,130420,14132,2312143
"Diplodus annularis","species","Diplodus annularis","Diplodus annularis","Diplodus","Diplodus","Sparidae",3145,1704,97,32107,1522,901911
"Diplodus cervinus","species","Diplodus cervinus","Diplodus cervinus","Diplodus","Diplodus","Sparidae",0,0,0,0,1363,619
"Diplodus holbrookii","species","Diplodus holbrookii","Diplodus holbrookii","Diplodus","Diplodus","Sparidae",0,0,0,0,0,51
"Diplodus puntazzo","species","Diplodus puntazzo","Diplodus puntazzo","Diplodus","Diplodus","Sparidae",6372,0,0,16143,412,286365
"Diplodus vulgaris","species","Diplodus vulgaris","Diplodus vulgaris","Diplodus","Diplodus","Sparidae",22231,2566,661,144614,225,1653319
"Dussumieria","genus",NA,NA,"Dussumieria","Dussumieria","Dussumieriidae",0,0,0,0,1589,0
"Echelus myrus","species","Echelus myrus","Echelus myrus","Echelus","Echelus","Ophichthidae",0,0,0,269,0,197491
"Echiichthys vipera","species","Echiichthys vipera","Echiichthys vipera","Echiichthys","Echiichthys","Trachinidae",0,0,0,0,0,7
"Enchelycore anatina","species","Enchelycore anatina","Enchelycore anatina","Enchelycore","Enchelycore","Muraenidae",0,451,0,4041,964,0
"Encrasicholina","genus",NA,NA,"Encrasicholina","Encrasicholina","Engraulidae",0,0,0,0,779,0
"Encrasicholina punctifer","species","Encrasicholina punctifer","Encrasicholina punctifer","Encrasicholina","Encrasicholina","Engraulidae",0,0,0,0,28825,0
"Engraulis","genus",NA,NA,"Engraulis","Engraulis","Engraulidae",273054,11521,13142,390440,106764,2357738
"Engraulis encrasicolus","species","Engraulis encrasicolus","Engraulis encrasicolus","Engraulis","Engraulis","Engraulidae",19401,118,0,17108,0,59351
"Epinephelus","genus",NA,NA,"Epinephelus","Epinephelus","Serranidae",0,154,0,282,0,2506
"Epinephelus aeneus","species","Epinephelus aeneus","Epinephelus aeneus","Epinephelus","Epinephelus","Serranidae",0,0,0,64768,12,428
"Epinephelus costae","species","Epinephelus costae","Epinephelus costae","Epinephelus","Epinephelus","Serranidae",0,12226,0,170,33,175
"Epinephelus marginatus","species","Epinephelus marginatus","Epinephelus marginatus","Epinephelus","Epinephelus","Serranidae",0,3156,0,3840,416,85421
"Equulites klunzingeri","species","Equulites klunzingeri","Equulites klunzingeri","Equulites","Equulites","Leiognathidae",0,0,0,0,2099,0
"Etrumeus","genus",NA,NA,"Etrumeus","Etrumeus","Dussumieriidae",0,1033,0,0,27197,0
"Euthynnus","genus",NA,NA,"Euthynnus","Euthynnus","Scombridae",289,348,467,680,264,528
"Euthynnus alletteratus","species","Euthynnus alletteratus","Euthynnus alletteratus","Euthynnus","Euthynnus","Scombridae",22006,5070,7942,46539,53549,104197
"Exocoetidae","family",NA,NA,NA,NA,"Exocoetidae",15,320,0,786,4190,9257
"Fistularia","genus",NA,NA,"Fistularia","Fistularia","Fistulariidae",0,87,0,0,0,0
"Fistularia commersonii","species","Fistularia commersonii","Fistularia commersonii","Fistularia","Fistularia","Fistulariidae",0,5133,0,40,10603,0
"Fistularia petimba","species","Fistularia petimba","Fistularia petimba","Fistularia","Fistularia","Fistulariidae",0,0,0,0,4259,0
"Gadus","genus",NA,NA,"Gadus","Gadus","Gadidae",0,0,0,0,0,305
"Gaidropsarus mediterraneus","species","Gaidropsarus mediterraneus","Gaidropsarus mediterraneus","Gaidropsarus","Gaidropsarus","Gaidropsaridae",0,0,0,0,0,284
"Gammogobius steinitzi","species","Gammogobius steinitzi","Gammogobius steinitzi","Gammogobius","Gammogobius","Gobiidae",0,0,0,0,0,436
"Glaucostegus cemiculus","species","Glaucostegus cemiculus","Glaucostegus cemiculus","Glaucostegus","Glaucostegus","Glaucostegidae",0,0,0,0,219,0
"Gobius","genus",NA,NA,"Gobius","Gobius","Gobiidae",13,0,44,277,985,75681
"Gobius bucchichi","species","Gobius bucchichi","Gobius bucchichi","Gobius","Gobius","Gobiidae",72,0,0,100,35,29279
"Gobius cobitis","species","Gobius cobitis","Gobius cobitis","Gobius","Gobius","Gobiidae",0,0,0,0,0,3
"Gobius cruentatus","species","Gobius cruentatus","Gobius cruentatus","Gobius","Gobius","Gobiidae",0,0,0,0,0,27822
"Gobius geniporus","species","Gobius geniporus","Gobius geniporus","Gobius","Gobius","Gobiidae",0,0,0,0,0,10213
"Gobius niger","species","Gobius niger","Gobius niger","Gobius","Gobius","Gobiidae",296,0,0,888,0,114991
"Gobius paganellus","species","Gobius paganellus","Gobius paganellus","Gobius","Gobius","Gobiidae",0,0,0,0,0,1078
"Gobius xanthocephalus","species","Gobius xanthocephalus","Gobius xanthocephalus","Gobius","Gobius","Gobiidae",27,0,0,377,236,23661
"Gymnammodytes","genus",NA,NA,"Gymnammodytes","Gymnammodytes","Ammodytidae",0,0,0,0,0,272414
"Gymnammodytes cicerelus","species","Gymnammodytes cicerelus","Gymnammodytes cicerelus","Gymnammodytes","Gymnammodytes","Ammodytidae",0,0,0,0,0,5624464
"Gymnammodytes semisquamatus","species","Gymnammodytes semisquamatus","Gymnammodytes semisquamatus","Gymnammodytes","Gymnammodytes","Ammodytidae",0,0,0,0,0,39130
"Hemiramphus far","species","Hemiramphus far","Hemiramphus far","Hemiramphus","Hemiramphus","Hemiramphidae",0,0,0,0,1428,0
"Herklotsichthys punctatus","species","Herklotsichthys punctatus","Herklotsichthys punctatus","Herklotsichthys","Herklotsichthys","Clupeidae",0,0,0,0,2346,0
"Hexanchus griseus","species","Hexanchus griseus","Hexanchus griseus","Hexanchus","Hexanchus","Hexanchidae",0,0,38,0,0,0
"Himantura uarnak","species","Himantura uarnak","Himantura uarnak","Himantura","Himantura","Dasyatidae",0,0,0,0,2750,0
"Hippocampus guttulatus","species","Hippocampus guttulatus","Hippocampus guttulatus","Hippocampus","Hippocampus","Syngnathidae",179,0,0,133,18,405
"Jaydia smithi","species","Jaydia smithi","Jaydia smithi","Jaydia","Jaydia","Apogonidae",0,0,0,0,3740,0
"Katsuwonus pelamis","species","Katsuwonus pelamis","Katsuwonus pelamis","Katsuwonus","Katsuwonus","Scombridae",0,103,0,0,3110,0
"Labridae","family",NA,NA,NA,NA,"Labridae",21,0,0,0,0,2734
"Labrus","genus",NA,NA,"Labrus","Labrus","Labridae",28,20,0,917,30,313144
"Labrus bimaculatus","species","Labrus bimaculatus","Cichlasoma bimaculatum","Labrus","Cichlasoma","Labridae",0,0,0,0,0,6
"Lagocephalus","genus",NA,NA,"Lagocephalus","Lagocephalus","Tetraodontidae",0,0,0,0,763,0
"Lagocephalus sceleratus","species","Lagocephalus sceleratus","Lagocephalus sceleratus","Lagocephalus","Lagocephalus","Tetraodontidae",0,576,0,0,5608,0
"Lagocephalus suezensis","species","Lagocephalus suezensis","Lagocephalus suezensis","Lagocephalus","Lagocephalus","Tetraodontidae",0,0,0,0,8970,0
"Lampanyctus","genus",NA,NA,"Lampanyctus","Lampanyctus","Myctophidae",0,0,244,0,0,8370
"Lampanyctus pusillus","species","Lampanyctus pusillus","Lampanyctus pusillus","Lampanyctus","Lampanyctus","Myctophidae",0,0,0,0,0,262
"Lebetus","genus",NA,NA,"Lebetus","Lebetus","Gobiidae",0,0,0,0,0,55479
"Lebetus guilleti","species","Lebetus guilleti","Lebetus guilleti","Lebetus","Lebetus","Gobiidae",0,0,43,8982,0,1242
"Lepadogaster","genus",NA,NA,"Lepadogaster","Lepadogaster","Gobiesocidae",0,273,11,29,0,4251
"Lepadogaster candolii","species","Lepadogaster candolii","Lepadogaster candolii","Lepadogaster","Lepadogaster","Gobiesocidae",0,0,0,0,0,38156
"Lepadogaster lepadogaster","species","Lepadogaster lepadogaster","Lepadogaster lepadogaster","Lepadogaster","Lepadogaster","Gobiesocidae",11,252,0,0,0,28293
"Lepidopus caudatus","species","Lepidopus caudatus","Lepidopus caudatus","Lepidopus","Lepidopus","Trichiuridae",0,0,0,0,0,79
"Lepidotrigla","genus",NA,NA,"Lepidotrigla","Lepidotrigla","Triglidae",0,0,0,140,0,54679
"Lesueurigobius","genus",NA,NA,"Lesueurigobius","Lesueurigobius","Gobiidae",0,433,0,0,57,1657
"Lesueurigobius sanzi","species","Lesueurigobius sanzi","Lesueurigobius sanzi","Lesueurigobius","Lesueurigobius","Gobiidae",0,0,98,0,0,0
"Lesueurigobius suerii","species","Lesueurigobius suerii","Lesueurigobius suerii","Lesueurigobius","Lesueurigobius","Gobiidae",21,0,0,0,734,8902
"Lipophrys","genus",NA,NA,"Lipophrys","Lipophrys","Blenniidae",0,0,0,0,0,6215
"Lipophrys trigloides","species","Lipophrys trigloides","Lipophrys trigloides","Lipophrys","Lipophrys","Blenniidae",573,224,22,1363,0,283715
"Lithognathus","genus",NA,NA,"Lithognathus","Lithognathus","Sparidae",0,0,0,227,1193,8936
"Lithognathus mormyrus","species","Lithognathus mormyrus","Lithognathus mormyrus","Lithognathus","Lithognathus","Sparidae",87,114,3805,16649,9714,391493
"Lobianchia dofleini","species","Lobianchia dofleini","Lobianchia dofleini","Lobianchia","Lobianchia","Myctophidae",0,0,3016,0,0,571
"Lophius budegassa","species","Lophius budegassa","Lophius budegassa","Lophius","Lophius","Lophiidae",0,0,0,0,0,2097
"Lophius piscatorius","species","Lophius piscatorius","Lophius piscatorius","Lophius","Lophius","Lophiidae",0,0,0,0,0,10
"Macroramphosus scolopax","species","Macroramphosus scolopax","Macroramphosus scolopax","Macroramphosus","Macroramphosus","Centriscidae",0,0,0,0,0,33
"Maurolicus","genus",NA,NA,"Maurolicus","Maurolicus","Sternoptychidae",0,0,0,0,0,569
"Merluccius","genus",NA,NA,"Merluccius","Merluccius","Merlucciidae",0,0,0,0,0,5554
"Merluccius merluccius","species","Merluccius merluccius","Merluccius merluccius","Merluccius","Merluccius","Merlucciidae",0,0,0,0,0,1885
"Microlipophrys","genus",NA,NA,"Microlipophrys","Microlipophrys","Blenniidae",76,0,0,0,0,9608
"Microlipophrys canevae","species","Microlipophrys canevae","Microlipophrys canevae","Microlipophrys","Microlipophrys","Blenniidae",427,402,0,1240,0,128077
"Micromesistius poutassou","species","Micromesistius poutassou","Micromesistius poutassou","Micromesistius","Micromesistius","Gadidae",0,0,18,0,59,0
"Millerigobius","genus",NA,NA,"Millerigobius","Millerigobius","Gobiidae",0,0,0,1811,0,7655
"Millerigobius macrocephalus","species","Millerigobius macrocephalus","Millerigobius macrocephalus","Millerigobius","Millerigobius","Gobiidae",91,0,0,48,0,0
"Mobula","genus",NA,NA,"Mobula","Mobula","Myliobatidae",0,389,0,0,0,672
"Mola","genus",NA,NA,"Mola","Mola","Molidae",0,0,0,0,0,922
"Mola mola","species","Mola mola","Mola mola","Mola","Mola","Molidae",157,0,24241,574,0,141263
"Mugil","genus",NA,NA,"Mugil","Mugil","Mugilidae",0,0,0,91,5960,135703
"Mullus","genus",NA,NA,"Mullus","Mullus","Mullidae",16,43,0,0,0,2612
"Mullus barbatus","species","Mullus barbatus","Mullus barbatus","Mullus","Mullus","Mullidae",230,3207,651,8137,0,84857
"Mullus surmuletus","species","Mullus surmuletus","Mullus surmuletus","Mullus","Mullus","Mullidae",299,541,0,3800,37,121115
"Muraena","genus",NA,NA,"Muraena","Muraena","Muraenidae",0,0,0,4941,0,8601
"Muraena helena","species","Muraena helena","Muraena helena","Muraena","Muraena","Muraenidae",4886,2555,0,108328,102,297898
"Mycteroperca","genus",NA,NA,"Mycteroperca","Mycteroperca","Serranidae",0,0,0,43,0,0
"Mycteroperca rubra","species","Mycteroperca rubra","Mycteroperca rubra","Mycteroperca","Mycteroperca","Serranidae",0,25,0,1110,1348,1109
"Myctophidae","family",NA,NA,NA,NA,"Myctophidae",0,0,213,0,0,0
"Myctophum","genus",NA,NA,"Myctophum","Myctophum","Myctophidae",0,0,4027,0,0,356
"Myctophum punctatum","species","Myctophum punctatum","Myctophum punctatum","Myctophum","Myctophum","Myctophidae",0,0,99438,0,0,40946
"Myliobatis","genus",NA,NA,"Myliobatis","Myliobatis","Myliobatidae",0,0,0,278,0,0
"Myliobatis aquila","species","Myliobatis aquila","Myliobatis aquila","Myliobatis","Myliobatis","Myliobatidae",0,0,0,28552,0,1580
"Naucrates ductor","species","Naucrates ductor","Naucrates ductor","Naucrates","Naucrates","Carangidae",0,0,0,0,0,1085
"Nemipterus randalli","species","Nemipterus randalli","Nemipterus randalli","Nemipterus","Nemipterus","Nemipteridae",0,0,0,0,3272,0
"Nerophis","genus",NA,NA,"Nerophis","Nerophis","Syngnathidae",0,0,0,0,0,24
"Nerophis maculatus","species","Nerophis maculatus","Nerophis maculatus","Nerophis","Nerophis","Syngnathidae",0,0,0,0,0,22
"Notoscopelus elongatus","species","Notoscopelus elongatus","Notoscopelus elongatus","Notoscopelus","Notoscopelus","Myctophidae",0,0,88,0,0,84
"Odondebuenia balearica","species","Odondebuenia balearica","Odondebuenia balearica","Odondebuenia","Odondebuenia","Gobiidae",323,163,0,154731,296,205829
"Oedalechilus labeo","species","Oedalechilus labeo","Oedalechilus labeo","Oedalechilus","Oedalechilus","Mugilidae",8049,1859,104,2275,2349,681043
"Oncorhynchus","genus",NA,NA,"Oncorhynchus","Oncorhynchus","Salmonidae",0,0,0,0,3987,67166
"Oncorhynchus gorbuscha","species","Oncorhynchus gorbuscha","Oncorhynchus gorbuscha","Oncorhynchus","Oncorhynchus","Salmonidae",0,0,0,0,0,1716
"Ophidion","genus",NA,NA,"Ophidion","Ophidion","Ophidiidae",469,0,0,423,0,19281
"Ophidion rochei","species","Ophidion rochei","Ophidion rochei","Ophidion","Ophidion","Ophidiidae",0,0,0,0,0,10576
"Ophisurus","genus",NA,NA,"Ophisurus","Ophisurus","Ophichthidae",0,0,0,0,0,1421
"Ophisurus serpens","species","Ophisurus serpens","Ophisurus serpens","Ophisurus","Ophisurus","Ophichthidae",0,0,0,0,30,38446
"Ostorhinchus fasciatus","species","Ostorhinchus fasciatus","Ostorhinchus fasciatus","Ostorhinchus","Ostorhinchus","Apogonidae",0,0,0,0,6690,0
"Pagellus","genus",NA,NA,"Pagellus","Pagellus","Sparidae",70,0,52,1403,28,50151
"Pagellus acarne","species","Pagellus acarne","Pagellus acarne","Pagellus","Pagellus","Sparidae",586,0,5448,6903,610,118427
"Pagellus erythrinus","species","Pagellus erythrinus","Pagellus erythrinus","Pagellus","Pagellus","Sparidae",222,865,483,190520,2112,520970
"Pagrus caeruleostictus","species","Pagrus caeruleostictus","Pagrus caeruleostictus","Pagrus","Pagrus","Sparidae",0,0,0,0,39768,0
"Parablennius","genus",NA,NA,"Parablennius","Parablennius","Blenniidae",2919,4074,166,2197,0,431344
"Parablennius gattorugine","species","Parablennius gattorugine","Parablennius gattorugine","Parablennius","Parablennius","Blenniidae",404,0,0,1368,0,140417
"Parablennius incognitus","species","Parablennius incognitus","Parablennius incognitus","Parablennius","Parablennius","Blenniidae",715,0,0,304,0,197157
"Parablennius pilicornis","species","Parablennius pilicornis","Parablennius pilicornis","Parablennius","Parablennius","Blenniidae",0,0,1483,0,0,47728
"Parablennius sanguinolentus","species","Parablennius sanguinolentus","Parablennius sanguinolentus","Parablennius","Parablennius","Blenniidae",260,120,40,1999,0,56300
"Parexocoetus","genus",NA,NA,"Parexocoetus","Parexocoetus","Exocoetidae",0,0,0,0,459,0
"Parexocoetus mento","species","Parexocoetus mento","Parexocoetus mento","Parexocoetus","Parexocoetus","Exocoetidae",0,0,0,0,17588,0
"Parupeneus","genus",NA,NA,"Parupeneus","Parupeneus","Mullidae",11,12548,0,0,38251,0
"Pegusa bleekeri","species","Pegusa bleekeri","Ebosia bleekeri","Pegusa","Ebosia","Soleidae",0,0,0,0,0,241
"Pempheris vanicolensis","species","Pempheris vanicolensis","Pempheris vanicolensis","Pempheris","Pempheris","Pempheridae",0,1168,0,0,7317,0
"Pomadasys incisus","species","Pomadasys incisus","Pomadasys incisus","Pomadasys","Pomadasys","Haemulidae",0,0,0,123,1251,0
"Pomatomus saltator","species","Pomatomus saltator","Pomatomus saltatrix","Pomatomus","Pomatomus","Pomatomidae",37,0,49,1305,0,4618
"Pomatoschistus","genus",NA,NA,"Pomatoschistus","Pomatoschistus","Gobiidae",0,0,0,1466,0,18488
"Prionace glauca","species","Prionace glauca","Prionace glauca","Prionace","Prionace","Carcharhinidae",0,0,0,0,0,488
"Pseudaphya ferreri","species","Pseudaphya ferreri","Pseudaphya ferreri","Pseudaphya","Pseudaphya","Gobiidae",0,0,0,1831,0,536007
"Pseudocaranx dentex","species","Pseudocaranx dentex","Pseudocaranx dentex","Pseudocaranx","Pseudocaranx","Carangidae",0,0,0,0,3199,0
"Pterois miles","species","Pterois miles","Pterois miles","Pterois","Pterois","Scorpaenidae",0,535,0,0,12759,0
"Pteroplatytrygon violacea","species","Pteroplatytrygon violacea","Pteroplatytrygon violacea","Pteroplatytrygon","Pteroplatytrygon","Dasyatidae",0,0,0,16,0,69
"Raja","genus",NA,NA,"Raja","Raja","Rajidae",0,0,0,0,0,13938
"Raja brachyura","species","Raja brachyura","Raja brachyura","Raja","Raja","Rajidae",0,0,0,0,0,696
"Repomucenus","genus",NA,NA,"Repomucenus","Repomucenus","Callionymidae",0,0,0,0,59,0
"Repomucenus filamentosus","species","Repomucenus filamentosus","Callionymus filamentosus","Repomucenus","Callionymus","Callionymidae",0,0,0,0,8315,0
"Rhinobatos rhinobatos","species","Rhinobatos rhinobatos","Rhinobatos rhinobatos","Rhinobatos","Rhinobatos","Rhinobatidae",0,0,0,0,66,0
"Salaria","genus",NA,NA,"Salaria","Salaria","Blenniidae",0,0,0,3109,0,4485
"Salmo","genus",NA,NA,"Salmo","Salmo","Salmonidae",0,0,0,0,2063,0
"Salmo salar","species","Salmo salar","Salmo salar","Salmo","Salmo","Salmonidae",0,0,0,507,0,0
"Salmonidae","family",NA,NA,NA,NA,"Salmonidae",0,0,0,0,87,576
"Sarda","genus",NA,NA,"Sarda","Sarda","Scombridae",0,0,0,0,0,17
"Sarda sarda","species","Sarda sarda","Sarda sarda","Sarda","Sarda","Scombridae",0,0,67,4613,0,17322
"Sardina pilchardus","species","Sardina pilchardus","Sardina pilchardus","Sardina","Sardina","Clupeidae",312,0,19872,602,352,1732401
"Sardinella","genus",NA,NA,"Sardinella","Sardinella","Clupeidae",159921,26083,424054,95580,5854,1960265
"Sardinella longiceps","species","Sardinella longiceps","Sardinella longiceps","Sardinella","Sardinella","Clupeidae",0,0,0,0,0,64
"Sargocentron","genus",NA,NA,"Sargocentron","Sargocentron","Holocentridae",0,1334,0,0,12902,0
"Sarpa salpa","species","Sarpa salpa","Sarpa salpa","Sarpa","Sarpa","Sparidae",29815,4156,3036,129808,1932,5395666
"Saurida lessepsianus","species","Saurida lessepsianus","Saurida lessepsianus","Saurida","Saurida","Synodontidae",0,0,0,0,3623,0
"Scartella cristata","species","Scartella cristata","Scartella cristata","Scartella","Scartella","Blenniidae",0,0,0,1312,0,155
"Sciaena umbra","species","Sciaena umbra","Sciaena umbra","Sciaena","Sciaena","Sciaenidae",1230,72,0,43099,0,535939
"Sciaenidae","family",NA,NA,NA,NA,"Sciaenidae",0,0,0,246,578,66110
"Scomber","genus",NA,NA,"Scomber","Scomber","Scombridae",6034,18080,22520,6880,0,253413
"Scomber colias","species","Scomber colias","Scomber colias","Scomber","Scomber","Scombridae",3276,1469,3151,2225,0,22459
"Scomber scombrus","species","Scomber scombrus","Scomber scombrus","Scomber","Scomber","Scombridae",0,0,0,0,0,72074
"Scomberomorus commerson","species","Scomberomorus commerson","Scomberomorus commerson","Scomberomorus","Scomberomorus","Scombridae",0,0,0,0,874,0
"Scombridae","family",NA,NA,NA,NA,"Scombridae",0,0,0,0,0,230
"Scorpaena","genus",NA,NA,"Scorpaena","Scorpaena","Scorpaenidae",0,0,0,0,0,16517
"Scorpaena notata","species","Scorpaena notata","Scorpaena notata","Scorpaena","Scorpaena","Scorpaenidae",2792,128,200,826,47,114878
"Scorpaena porcus","species","Scorpaena porcus","Scorpaena porcus","Scorpaena","Scorpaena","Scorpaenidae",515,0,0,2728,0,87252
"Scorpaena scrofa","species","Scorpaena scrofa","Scorpaena scrofa","Scorpaena","Scorpaena","Scorpaenidae",378,72,0,518,120,86855
"Scyliorhinus canicula","species","Scyliorhinus canicula","Scyliorhinus canicula","Scyliorhinus","Scyliorhinus","Scyliorhinidae",0,0,0,0,0,442
"Seriola","genus",NA,NA,"Seriola","Seriola","Carangidae",0,0,0,0,0,3
"Seriola dumerili","species","Seriola dumerili","Seriola dumerili","Seriola","Seriola","Carangidae",12,60,0,217,0,5116
"Serranus","genus",NA,NA,"Serranus","Serranus","Serranidae",14,0,0,6300,590,309737
"Serranus cabrilla","species","Serranus cabrilla","Serranus cabrilla","Serranus","Serranus","Serranidae",0,155,0,6991,504,212965
"Serranus hepatus","species","Serranus hepatus","Serranus hepatus","Serranus","Serranus","Serranidae",123,0,0,360772,63,269473
"Serranus scriba","species","Serranus scriba","Serranus scriba","Serranus","Serranus","Serranidae",1203,98,0,80824,2660,1113050
"Siganus","genus",NA,NA,"Siganus","Siganus","Siganidae",40,28245,0,0,62176,0
"Siganus luridus","species","Siganus luridus","Siganus luridus","Siganus","Siganus","Siganidae",0,5187,0,0,4350,0
"Sillago","genus",NA,NA,"Sillago","Sillago","Sillaginidae",0,0,0,0,59543,0
"Solea senegalensis","species","Solea senegalensis","Solea senegalensis","Solea","Solea","Soleidae",0,0,0,0,0,1032
"Sparidae","family",NA,NA,NA,NA,"Sparidae",484,645,192,151634,678,1427198
"Sparisoma","genus",NA,NA,"Sparisoma","Sparisoma","Labridae",0,0,0,919,0,304
"Sparisoma cretense","species","Sparisoma cretense","Sparisoma cretense","Sparisoma","Sparisoma","Labridae",177,26001,0,160559,24294,39858
"Sparus aurata","species","Sparus aurata","Sparus aurata","Sparus","Sparus","Sparidae",4871,0,110,128438,392332,495022
"Speleogobius trigloides","species","Speleogobius trigloides","Speleogobius trigloides","Speleogobius","Speleogobius","Gobiidae",0,0,0,0,0,10512
"Sphyraena","genus",NA,NA,"Sphyraena","Sphyraena","Sphyraenidae",40,180,0,443,3782,8623
"Sphyraena viridensis","species","Sphyraena viridensis","Sphyraena viridensis","Sphyraena","Sphyraena","Sphyraenidae",0,20,0,106,0,10913
"Spicara","genus",NA,NA,"Spicara","Spicara","Centracanthidae",454,0,6613,1623,50,170732
"Spicara maena","species","Spicara maena","Spicara maena","Spicara","Spicara","Centracanthidae",25230,35535,211,76194,71424,771414
"Spicara smaris","species","Spicara smaris","Spicara smaris","Spicara","Spicara","Centracanthidae",39374,46014,407,54488,113551,3803760
"Spondyliosoma cantharus","species","Spondyliosoma cantharus","Spondyliosoma cantharus","Spondyliosoma","Spondyliosoma","Sparidae",339,1023,191,1479,13,498634
"Stomias boa","species","Stomias boa","Stomias boa","Stomias","Stomias","Stomiidae",0,0,21,0,0,381
"Symbolophorus","genus",NA,NA,"Symbolophorus","Symbolophorus","Myctophidae",0,0,0,0,0,3
"Symbolophorus veranyi","species","Symbolophorus veranyi","Symbolophorus veranyi","Symbolophorus","Symbolophorus","Myctophidae",0,0,0,0,0,42
"Symphodus","genus",NA,NA,"Symphodus","Symphodus","Labridae",1605,0,0,9898,3215,718639
"Symphodus bailloni","species","Symphodus bailloni","Symphodus bailloni","Symphodus","Symphodus","Labridae",0,0,0,0,0,18126
"Symphodus ocellatus","species","Symphodus ocellatus","Symphodus ocellatus","Symphodus","Symphodus","Labridae",2312,0,0,19499,1350,601282
"Symphodus tinca","species","Symphodus tinca","Symphodus tinca","Symphodus","Symphodus","Labridae",7525,223,54,34498,1932,1063716
"Synchiropus","genus",NA,NA,"Synchiropus","Synchiropus","Callionymidae",0,70,0,0,0,1215
"Syngnathus","genus",NA,NA,"Syngnathus","Syngnathus","Syngnathidae",776,0,0,3120,0,43315
"Syngnathus acus","species","Syngnathus acus","Syngnathus acus","Syngnathus","Syngnathus","Syngnathidae",0,0,0,0,439,1064
"Synodus","genus",NA,NA,"Synodus","Synodus","Synodontidae",0,0,0,0,0,83
"Synodus saurus","species","Synodus saurus","Synodus saurus","Synodus","Synodus","Synodontidae",0,74,0,68,52,11144
"Synodus synodus","species","Synodus synodus","Synodus synodus","Synodus","Synodus","Synodontidae",0,1368,0,0,0,0
"Thalassoma","genus",NA,NA,"Thalassoma","Thalassoma","Labridae",0,0,0,2028,0,46933
"Thalassoma pavo","species","Thalassoma pavo","Thalassoma pavo","Thalassoma","Thalassoma","Labridae",1487,77386,78,232653,11855,2658368
"Thunnus","genus",NA,NA,"Thunnus","Thunnus","Scombridae",712,12925,379,38916,154,78700
"Torpedo","genus",NA,NA,"Torpedo","Torpedo","Torpedinidae",0,0,0,0,0,10106
"Torpedo marmorata","species","Torpedo marmorata","Torpedo marmorata","Torpedo","Torpedo","Torpedinidae",112,0,0,17722,0,130645
"Torquigener flavimaculosus","species","Torquigener flavimaculosus","Torquigener flavimaculosus","Torquigener","Torquigener","Tetraodontidae",0,157,0,0,567,0
"Trachinotus ovatus","species","Trachinotus ovatus","Trachinotus ovatus","Trachinotus","Trachinotus","Carangidae",0,0,0,53,42,0
"Trachinus","genus",NA,NA,"Trachinus","Trachinus","Trachinidae",0,0,0,0,0,449
"Trachinus araneus","species","Trachinus araneus","Trachinus araneus","Trachinus","Trachinus","Trachinidae",0,0,0,0,59,0
"Trachinus draco","species","Trachinus draco","Trachinus draco","Trachinus","Trachinus","Trachinidae",0,0,0,0,0,80118
"Trachinus radiatus","species","Trachinus radiatus","Trachinus radiatus","Trachinus","Trachinus","Trachinidae",0,0,0,0,0,743
"Trachurus","genus",NA,NA,"Trachurus","Trachurus","Carangidae",4505,107,19747,27006,1538,336624
"Trichiurus","genus",NA,NA,"Trichiurus","Trichiurus","Trichiuridae",0,0,0,23,0,0
"Trichiurus lepturus","species","Trichiurus lepturus","Trichiurus lepturus","Trichiurus","Trichiurus","Trichiuridae",0,0,0,0,14,0
"Triglidae","family",NA,NA,NA,NA,"Triglidae",0,93,354,10232,0,72334
"Tripterygion","genus",NA,NA,"Tripterygion","Tripterygion","Tripterygiidae",0,0,0,0,0,47325
"Tripterygion delaisi","species","Tripterygion delaisi","Tripterygion delaisi","Tripterygion","Tripterygion","Tripterygiidae",199,121,0,5670,0,207505
"Tripterygion melanurum","species","Tripterygion melanurum","Tripterygion melanurus","Tripterygion","Tripterygion","Tripterygiidae",333,385,0,682,0,42143
"Tripterygion tripteronotum","species","Tripterygion tripteronotum","Tripterygion tripteronotum","Tripterygion","Tripterygion","Tripterygiidae",81,0,0,14,0,571840
"Trisopterus","genus",NA,NA,"Trisopterus","Trisopterus","Gadidae",0,0,0,0,0,691
"Umbrina cirrosa","species","Umbrina cirrosa","Umbrina cirrosa","Umbrina","Umbrina","Sciaenidae",0,0,133,0,60,0
"Upeneus","genus",NA,NA,"Upeneus","Upeneus","Mullidae",0,0,0,0,374,0
"Upeneus moluccensis","species","Upeneus moluccensis","Upeneus moluccensis","Upeneus","Upeneus","Mullidae",0,0,0,0,9563,0
"Upeneus pori","species","Upeneus pori","Upeneus pori","Upeneus","Upeneus","Mullidae",0,0,0,95,311,0
"Uranoscopus","genus",NA,NA,"Uranoscopus","Uranoscopus","Uranoscopidae",0,0,0,0,0,1504
"Uranoscopus scaber","species","Uranoscopus scaber","Uranoscopus scaber","Uranoscopus","Uranoscopus","Uranoscopidae",853,1856,0,5437,0,48667
"Vinciguerria nimbaria","species","Vinciguerria nimbaria","Vinciguerria nimbaria","Vinciguerria","Vinciguerria","Phosichthyidae",0,0,0,0,0,1563
"Xiphias gladius","species","Xiphias gladius","Xiphias gladius","Xiphias","Xiphias","Xiphiidae",756,1451,3799,872,1417,12987
"Xyrichtys","genus",NA,NA,"Xyrichtys","Xyrichtys","Labridae",0,0,0,31,0,2834
"Xyrichtys novacula","species","Xyrichtys novacula","Xyrichtys novacula","Xyrichtys","Xyrichtys","Labridae",0,2176,833,9377,9814,106191
"Zebrus zebrus","species","Zebrus zebrus","Zebrus zebrus","Zebrus","Zebrus","Gobiidae",75,98,0,3703,0,13600
"Zeus faber","species","Zeus faber","Zeus faber","Zeus","Zeus","Zeidae",0,0,0,0,0,2012
"Zosterisessor ophiocephalus","species","Zosterisessor ophiocephalus","Gobius ophiocephalus","Zosterisessor","Gobius","Gobiidae",0,0,0,0,0,5
