"scientific_name","rank","species_name","species_name_fishbase","genus_name","genus_name_fishbase","family_name","10001","20001","20002","20003","30001","30002","40001","40002","50001","50002","50003","70001","70002","70003","70004","70005","70006","80001","80002","90004","90005","90006","90007","90008","90009"
"Aetomylaeus","genus",NA,NA,"Aetomylaeus","Aetomylaeus","Myliobatidae",0,0,0,0,0,0,0,0,0,18,0,0,0,123,0,0,0,0,0,0,0,0,0,0,0
"Aetomylaeus bovinus","species","Aetomylaeus bovinus","Aetomylaeus bovinus","Aetomylaeus","Aetomylaeus","Myliobatidae",0,0,27,0,0,0,0,0,0,0,0,0,0,2613,0,0,0,0,0,0,0,781,0,459,0
"Aidablennius sphynx","species","Aidablennius sphynx","Aidablennius sphynx","Aidablennius","Aidablennius","Blenniidae",0,0,0,0,0,0,0,0,0,0,158,391,160,0,0,0,0,277,0,53,2849,0,18106,0,0
"Alepes djedaba","species","Alepes djedaba","Alepes djedaba","Alepes","Alepes","Carangidae",192,0,0,0,0,0,0,0,0,0,0,0,0,0,0,0,0,0,0,0,0,0,0,0,0
"Alopias","genus",NA,NA,"Alopias","Alopias","Alopiidae",0,0,0,0,0,0,0,0,0,0,0,0,0,0,0,1471,0,0,0,0,0,0,0,0,0
"Alopias vulpinus","species","Alopias vulpinus","Alopias vulpinus","Alopias","Alopias","Alopiidae",0,0,0,0,0,0,0,0,0,0,0,0,0,0,0,26508,0,0,0,0,0,0,0,0,0
"Anguilla","genus",NA,NA,"Anguilla","Anguilla","Anguillidae",0,0,0,0,0,0,0,0,0,0,0,0,0,0,0,0,0,0,0,0,2,0,0,974,0
"Anthias","genus",NA,NA,"Anthias","Anthias","Serranidae",0,0,0,311,115,0,0,0,0,0,0,0,0,7936,3192,104940,66456,0,0,0,0,15032,477,2093,38536
"Anthias anthias","species","Anthias anthias","Anthias anthias","Anthias","Anthias","Serranidae",0,0,0,1216,6264,10092,1300,2401,0,0,1970,694,0,478038,367955,2102220,1766535,2372,3446,0,4543,390774,203330,184376,1023693
"Aphia minuta","species","Aphia minuta","Aphia minuta","Aphia","Aphia","Gobiidae",0,69,0,137,0,0,0,0,0,0,0,0,0,0,169528,0,45242,26,0,0,0,1860,0,28733,0
"Apogon","genus",NA,NA,"Apogon","Apogon","Apogonidae",0,0,0,0,0,0,0,0,0,0,0,0,0,91,1223,124,247,0,0,0,75,39465,122,77,0
"Apogon imberbis","species","Apogon imberbis","Apogon imberbis","Apogon","Apogon","Apogonidae",0,14,0,374,266,1395,243,2628,0,0,451,2609,0,25301,299100,30293,15806,86,0,1106,12756,28301,40285,50739,22774
"Apogon pacificus","species","Apogon pacificus","Apogon pacificus","Apogon","Apogon","Apogonidae",0,0,0,0,0,0,0,0,0,0,0,0,0,0,0,0,0,0,0,0,0,0,0,248,0
"Argyropelecus hemigymnus","species","Argyropelecus hemigymnus","Argyropelecus hemigymnus","Argyropelecus","Argyropelecus","Sternoptychidae",0,0,0,0,0,0,0,0,0,0,0,0,0,0,0,0,0,0,0,0,0,0,0,1991,0
"Ariosoma","genus",NA,NA,"Ariosoma","Ariosoma","Congridae",0,0,0,0,19,0,0,123,0,0,0,0,0,2852,0,0,0,0,0,0,20,0,0,13,0
"Arnoglossus","genus",NA,NA,"Arnoglossus","Arnoglossus","Bothidae",0,0,0,0,0,0,0,0,0,62,0,0,0,0,0,0,0,0,0,0,0,392,0,351,0
"Arnoglossus imperialis","species","Arnoglossus imperialis","Arnoglossus imperialis","Arnoglossus","Arnoglossus","Bothidae",0,0,0,0,0,0,0,0,0,0,0,0,0,0,0,0,0,0,0,0,0,0,0,493,0
"Arnoglossus laterna","species","Arnoglossus laterna","Arnoglossus laterna","Arnoglossus","Arnoglossus","Bothidae",0,0,0,0,0,0,0,0,1579,0,0,0,0,0,0,0,0,0,0,0,0,15493,0,0,0
"Arnoglossus thori","species","Arnoglossus thori","Arnoglossus thori","Arnoglossus","Arnoglossus","Bothidae",0,0,0,0,0,78,0,151,0,118,0,0,0,0,0,0,0,0,0,0,892,20323,0,11982,0
"Atherina","genus",NA,NA,"Atherina","Atherina","Atherinidae",0,0,0,0,0,0,0,0,0,0,0,58,0,0,0,0,0,0,0,0,0,0,0,0,0
"Atherina boyeri","species","Atherina boyeri","Atherina boyeri","Atherina","Atherina","Atherinidae",0,0,0,0,0,0,0,0,0,0,0,105,0,0,0,0,0,0,0,0,0,0,0,0,0
"Atherinomorus forskalii","species","Atherinomorus forskalii","Atherinomorus forskalii","Atherinomorus","Atherinomorus","Atherinidae",1015,1206,5667,8633,0,0,0,0,0,0,0,0,0,0,0,0,0,0,0,0,0,0,0,0,0
"Auxis","genus",NA,NA,"Auxis","Auxis","Scombridae",1320,427,0,116,0,38541,1151,1562,0,39,58,894,1602,12862,15968,2017,5974,162,2348,0,0,161030,6986,16483,2736
"Balistes capriscus","species","Balistes capriscus","Balistes capriscus","Balistes","Balistes","Balistidae",235,0,333,0,0,0,127,59,0,0,38,0,0,0,0,0,0,0,0,0,0,138,0,0,0
"Bathytoshia","genus",NA,NA,"Bathytoshia","Bathytoshia","Dasyatidae",0,15,0,0,0,0,0,0,0,0,0,0,0,0,0,0,0,0,0,0,0,0,0,318,0
"Belone","genus",NA,NA,"Belone","Belone","Belonidae",0,0,0,0,0,0,0,0,0,0,0,0,42,0,0,0,1777,0,0,0,1538,0,1019,5348,0
"Belone belone","species","Belone belone","Belone belone","Belone","Belone","Belonidae",0,0,0,0,30,624,103,15674,0,0,0,1032,667,0,0,15833,108483,7201,453,19508,236573,190,74681,210799,0
"Belonidae","family",NA,NA,NA,NA,"Belonidae",0,0,0,0,0,0,0,0,0,0,0,0,0,0,0,0,0,0,0,2106,1300,0,0,0,1340
"Benthocometes robustus","species","Benthocometes robustus","Benthocometes robustus","Benthocometes","Benthocometes","Ophidiidae",0,0,0,0,0,0,0,0,0,0,0,0,0,0,0,0,8405,0,0,0,0,0,0,0,0
"Blennius","genus",NA,NA,"Blennius","Blennius","Blenniidae",0,0,0,0,0,0,0,0,0,0,0,0,0,818,0,0,0,0,0,0,0,0,0,108,0
"Blennius ocellaris","species","Blennius ocellaris","Blennius ocellaris","Blennius","Blennius","Blenniidae",0,0,0,0,0,0,0,0,0,0,0,0,0,125512,0,0,0,0,0,0,0,5162,0,3457,0
"Boops boops","species","Boops boops","Boops boops","Boops","Boops","Sparidae",4420,7833,120475,86195,11505,27780,29367,137695,12367,7773,26010,20494,76354,72180,102705,746208,959932,76471,15164,465891,894151,1028302,170770,551455,1025521
"Bothus","genus",NA,NA,"Bothus","Bothus","Bothidae",0,0,0,0,0,0,0,0,0,0,0,0,0,0,0,0,0,0,0,0,0,0,0,85,0
"Bothus podas","species","Bothus podas","Bothus podas","Bothus","Bothus","Bothidae",0,0,0,0,0,0,0,0,0,0,0,0,0,0,0,0,0,0,0,0,0,0,0,634,0
"Brama","genus",NA,NA,"Brama","Brama","Bramidae",0,0,0,0,0,0,0,0,0,0,0,0,0,0,0,0,929,0,0,0,0,0,0,0,0
"Brama brama","species","Brama brama","Brama brama","Brama","Brama","Bramidae",0,0,0,0,0,0,0,0,0,0,0,0,0,0,0,0,46221,0,0,0,0,0,0,0,0
"Buenia","genus",NA,NA,"Buenia","Buenia","Gobiidae",0,0,0,0,0,0,0,0,0,0,0,0,0,37874,1286,0,0,0,0,0,0,0,0,547,0
"Buenia affinis","species","Buenia affinis","Buenia affinis","Buenia","Buenia","Gobiidae",0,0,1281,0,0,0,0,21,73,0,0,0,0,1812250,38346,270,0,0,0,0,0,8020,0,191257,0
"Buglossidium luteum","species","Buglossidium luteum","Buglossidium luteum","Buglossidium","Buglossidium","Soleidae",25,0,0,0,0,0,0,0,0,0,0,0,0,0,0,0,0,0,0,0,0,0,0,0,0
"Callionymus maculatus","species","Callionymus maculatus","Callionymus maculatus","Callionymus","Callionymus","Callionymidae",0,0,0,0,0,0,0,0,0,0,0,0,0,0,0,0,0,0,0,0,0,7,0,0,0
"Capros aper","species","Capros aper","Capros aper","Capros","Capros","Caproidae",0,0,0,0,0,0,0,0,0,0,0,0,0,0,0,0,0,0,0,0,0,0,0,64037,0
"Caranx","genus",NA,NA,"Caranx","Caranx","Carangidae",169,0,41,0,0,0,503,231,0,0,0,0,0,0,0,0,0,0,0,0,0,0,0,0,0
"Carapus acus","species","Carapus acus","Carapus acus","Carapus","Carapus","Carapidae",0,0,0,0,0,0,0,0,0,0,0,301,129,0,0,0,0,0,0,0,0,889,0,6107,0
"Carcharhinus","genus",NA,NA,"Carcharhinus","Carcharhinus","Carcharhinidae",0,14,0,0,0,0,0,0,0,0,0,0,0,0,0,0,0,0,0,0,0,0,0,0,0
"Centrolophus niger","species","Centrolophus niger","Centrolophus niger","Centrolophus","Centrolophus","Centrolophidae",0,0,0,0,0,0,0,0,0,4600,0,0,0,0,0,0,0,0,0,0,0,0,0,0,0
"Cepola macrophthalma","species","Cepola macrophthalma","Cepola macrophthalma","Cepola","Cepola","Cepolidae",0,0,0,1201,0,0,1012,0,0,0,0,0,0,0,0,3118,0,247,0,0,0,33913,0,0,0
"Ceratoscopelus","genus",NA,NA,"Ceratoscopelus","Ceratoscopelus","Myctophidae",0,0,2519,1009,0,1770,66,0,436,342,0,0,0,0,0,0,0,0,0,0,0,342,0,3250,0
"Ceratoscopelus maderensis","species","Ceratoscopelus maderensis","Ceratoscopelus maderensis","Ceratoscopelus","Ceratoscopelus","Myctophidae",0,40,3515,1347,767,11100,0,1205,2061,714,232,2939,364,0,1576,334,0,12,0,389,0,25041,0,9570,5879
"Chauliodus sloani","species","Chauliodus sloani","Chauliodus sloani","Chauliodus","Chauliodus","Stomiidae",0,0,0,0,0,0,0,0,0,0,0,0,0,0,0,0,0,0,0,0,0,0,0,91,0
"Cheilodipterus","genus",NA,NA,"Cheilodipterus","Cheilodipterus","Apogonidae",0,0,78,0,0,0,0,0,0,0,0,0,0,0,0,0,0,0,0,0,0,0,0,0,0
"Cheilodipterus novemstriatus","species","Cheilodipterus novemstriatus","Cheilodipterus novemstriatus","Cheilodipterus","Cheilodipterus","Apogonidae",0,0,1425,0,0,0,0,0,0,0,0,0,0,0,0,0,0,0,0,0,0,0,0,0,0
"Chelon","genus",NA,NA,"Chelon","Chelon","Mugilidae",0,0,0,0,0,0,0,0,0,0,0,140,0,0,0,0,0,0,0,328,117,0,0,5008,2438
"Chelon auratus","species","Chelon auratus","Chelon auratus","Chelon","Chelon","Mugilidae",449,0,0,0,165,0,227,0,329,985,199,2849,0,0,0,0,0,45,0,11839,2064,0,0,68282,19179
"Chelon labrosus","species","Chelon labrosus","Chelon labrosus","Chelon","Chelon","Mugilidae",171,0,0,0,229,155,64,16,0,0,0,683,50,401,569,0,1474,0,0,4199,23954,0,948,271396,6633
"Chelon ramada","species","Chelon ramada","Chelon ramada","Chelon","Chelon","Mugilidae",231,0,0,0,0,0,0,0,16,0,201,0,0,0,0,0,0,0,0,0,9959,63,0,7539,62344
"Chlorophthalmus agassizi","species","Chlorophthalmus agassizi","Chlorophthalmus agassizi","Chlorophthalmus","Chlorophthalmus","Chlorophthalmidae",13,0,0,0,36,0,0,0,0,0,0,0,0,0,0,0,1346,0,0,0,0,0,0,0,0
"Chromis","genus",NA,NA,"Chromis","Chromis","Pomacentridae",0,0,0,0,309,491,142,357,0,0,0,1158,86,12903,13732,36472,69704,44,557,2702,64807,32776,12858,216570,14261
"Chromis chromis","species","Chromis chromis","Chromis chromis","Chromis","Chromis","Pomacentridae",0,2314,13354,17151,97605,76288,18723,88500,0,432,7796,66526,18214,599125,1139644,1885083,2261259,109442,69400,258005,2650717,2287251,444552,3318316,220379
"Citharus linguatula","species","Citharus linguatula","Citharus linguatula","Citharus","Citharus","Citharidae",0,0,0,0,0,0,0,0,0,0,0,0,0,0,0,0,0,0,0,0,1552,373,0,0,0
"Clupea","genus",NA,NA,"Clupea","Clupea","Clupeidae",0,0,0,0,0,0,12452,0,0,0,191,0,0,0,0,0,0,0,0,0,0,0,0,0,0
"Coelorinchus","genus",NA,NA,"Coelorinchus","Coelorinchus","Macrouridae",0,0,0,0,0,0,0,0,0,556,0,0,0,0,0,0,0,0,0,0,0,0,0,0,0
"Congridae","family",NA,NA,NA,NA,"Congridae",0,0,0,0,0,62,695,0,21,525,0,71,39,0,155438,0,0,0,0,789,1127,38538,0,19180,10096
"Corcyrogobius liechtensteini","species","Corcyrogobius liechtensteini","Corcyrogobius liechtensteini","Corcyrogobius","Corcyrogobius","Gobiidae",0,0,0,0,0,0,0,0,0,0,0,0,0,32,1817,0,119,0,0,0,1993,0,0,10,0
"Coris","genus",NA,NA,"Coris","Coris","Labridae",0,25,545,427,0,539,0,0,0,0,0,0,0,357,4913,312,6502,0,0,815,206,4215,0,13710,1395
"Coris julis","species","Coris julis","Coris julis","Coris","Coris","Labridae",0,120,2945,6222,1239,1499,914,560,0,0,415,3343,2701,91899,153446,53749,99106,3167,892,33178,53710,188948,0,377170,155444
"Coryphaena hippurus","species","Coryphaena hippurus","Coryphaena hippurus","Coryphaena","Coryphaena","Coryphaenidae",0,0,0,0,0,0,243,0,0,0,0,0,0,0,0,0,0,0,0,0,287,0,0,4,0
"Crystallogobius linearis","species","Crystallogobius linearis","Crystallogobius linearis","Crystallogobius","Crystallogobius","Gobiidae",0,0,0,0,106,0,0,331,0,121,123,0,0,75592,55366,812,87383,0,0,0,0,2288,0,35111,2057
"Ctenogobius boleosoma","species","Ctenogobius boleosoma","Ctenogobius boleosoma","Ctenogobius","Ctenogobius","Gobiidae",0,0,0,0,0,0,0,0,0,0,0,19,0,0,0,0,0,0,0,0,0,0,0,0,0
"Cyclothone","genus",NA,NA,"Cyclothone","Cyclothone","Gonostomatidae",0,0,0,0,31,109,0,343,0,0,0,109,0,0,0,0,0,0,0,435,0,173,0,458,0
"Cyclothone braueri","species","Cyclothone braueri","Cyclothone braueri","Cyclothone","Cyclothone","Gonostomatidae",0,0,0,0,718,311,0,935,0,0,0,886,0,0,0,0,0,0,0,0,108,5136,0,4786,4581
"Dactylopterus volitans","species","Dactylopterus volitans","Dactylopterus volitans","Dactylopterus","Dactylopterus","Dactylopteridae",0,0,0,0,0,0,0,0,0,0,0,0,0,35,4155,0,0,0,0,0,0,0,0,0,0
"Dalophis imberbis","species","Dalophis imberbis","Dalophis imberbis","Dalophis","Dalophis","Ophichthidae",0,0,0,0,0,0,0,0,0,0,0,0,0,0,0,0,0,0,0,0,253,0,0,0,0
"Dasyatidae","family",NA,NA,NA,NA,"Dasyatidae",0,0,0,0,0,0,0,0,0,0,0,0,0,0,0,0,0,0,0,0,0,0,0,5984,0
"Dasyatis","genus",NA,NA,"Dasyatis","Dasyatis","Dasyatidae",0,0,0,0,0,0,0,0,0,0,0,0,0,0,0,0,0,0,0,0,0,0,0,174,0
"Dasyatis marmorata","species","Dasyatis marmorata","Dasyatis marmorata","Dasyatis","Dasyatis","Dasyatidae",4298,0,70,0,0,0,0,0,0,0,0,0,0,0,0,0,0,0,0,0,0,0,0,0,0
"Dasyatis pastinaca","species","Dasyatis pastinaca","Dasyatis pastinaca","Dasyatis","Dasyatis","Dasyatidae",445,0,20,0,0,0,0,0,0,0,0,13,0,590,159,0,0,0,0,0,0,0,0,11928,0
"Dasyatis tortonesei","species","Dasyatis tortonesei","Dasyatis tortonesei","Dasyatis","Dasyatis","Dasyatidae",0,0,41,0,0,0,0,0,0,0,0,33,0,0,0,0,0,0,0,0,0,1226,0,8687,0
"Decapterus","genus",NA,NA,"Decapterus","Decapterus","Carangidae",455,0,0,0,0,0,0,0,0,0,0,0,0,0,0,0,0,0,0,0,0,0,0,0,0
"Deltentosteus","genus",NA,NA,"Deltentosteus","Deltentosteus","Gobiidae",0,0,0,0,0,0,0,0,0,0,0,0,0,0,0,0,3887,0,0,0,0,880,0,6481,0
"Deltentosteus collonianus","species","Deltentosteus collonianus","Deltentosteus collonianus","Deltentosteus","Deltentosteus","Gobiidae",0,0,0,0,0,0,0,0,0,0,0,0,0,0,0,0,369,0,0,0,0,1542,0,2351,0
"Dentex","genus",NA,NA,"Dentex","Dentex","Sparidae",0,0,378,0,0,0,0,0,0,0,0,0,0,0,0,0,0,0,0,0,0,0,0,0,0
"Diaphus","genus",NA,NA,"Diaphus","Diaphus","Myctophidae",0,0,739,0,0,0,0,0,0,0,0,0,0,0,0,0,0,0,0,0,0,0,0,0,0
"Diaphus holti","species","Diaphus holti","Diaphus holti","Diaphus","Diaphus","Myctophidae",0,0,0,0,0,0,0,0,0,0,0,0,0,0,0,0,0,0,0,0,0,1668,0,0,0
"Diaphus rafinesquii","species","Diaphus rafinesquii","Diaphus rafinesquii","Diaphus","Diaphus","Myctophidae",0,83,5102,1329,87,0,0,95,0,0,0,0,0,0,0,0,0,0,0,0,0,0,0,0,0
"Dicentrarchus","genus",NA,NA,"Dicentrarchus","Dicentrarchus","Moronidae",0,0,2502,0,0,0,0,0,0,0,236,0,0,0,0,0,0,0,0,279,265,0,0,1178,0
"Dicentrarchus labrax","species","Dicentrarchus labrax","Dicentrarchus labrax","Dicentrarchus","Dicentrarchus","Moronidae",0,268746,19755,0,49,39,15724,239,21,58277,268541,2476,247,0,0,0,0,24,0,77366,56754,0,0,234687,9766
"Diplodus","genus",NA,NA,"Diplodus","Diplodus","Sparidae",7783,129,1471,4749,5723,1903,27303,2783,2205,1011,833,46487,3295,36858,53847,13394,130777,944,3687,247577,1013721,68869,190842,515544,93728
"Diplodus annularis","species","Diplodus annularis","Diplodus annularis","Diplodus","Diplodus","Sparidae",0,1365,0,157,206,1498,5498,974,0,97,461,2707,260,46438,22928,7545,378,2885,0,28271,44217,109989,50843,603306,10463
"Diplodus cervinus","species","Diplodus cervinus","Diplodus cervinus","Diplodus","Diplodus","Sparidae",1363,0,0,0,0,0,0,0,0,0,0,0,0,0,0,0,0,0,0,0,409,0,0,0,210
"Diplodus holbrookii","species","Diplodus holbrookii","Diplodus holbrookii","Diplodus","Diplodus","Sparidae",0,0,0,0,0,0,0,0,0,0,0,0,0,0,0,0,0,0,0,0,0,0,0,51,0
"Diplodus puntazzo","species","Diplodus puntazzo","Diplodus puntazzo","Diplodus","Diplodus","Sparidae",0,412,0,0,0,0,66,687,0,0,0,8520,953,1446,6870,8192,28578,3274,2145,36781,133840,7596,0,23347,46585
"Diplodus vulgaris","species","Diplodus vulgaris","Diplodus vulgaris","Diplodus","Diplodus","Sparidae",0,143,0,82,353,2213,12960,991,625,36,829,23533,5620,102424,107130,26172,41869,8775,7836,199620,633365,141847,10624,252168,244401
"Dussumieria","genus",NA,NA,"Dussumieria","Dussumieria","Dussumieriidae",1589,0,0,0,0,0,0,0,0,0,0,0,0,0,0,0,0,0,0,0,0,0,0,0,0
"Echelus myrus","species","Echelus myrus","Echelus myrus","Echelus","Echelus","Ophichthidae",0,0,0,0,0,0,156,113,0,0,0,0,0,188740,0,0,0,0,0,0,0,8751,0,0,0
"Echiichthys vipera","species","Echiichthys vipera","Echiichthys vipera","Echiichthys","Echiichthys","Trachinidae",0,0,0,0,0,0,0,0,0,0,0,0,0,0,0,0,0,0,0,0,3,4,0,0,0
"Enchelycore anatina","species","Enchelycore anatina","Enchelycore anatina","Enchelycore","Enchelycore","Muraenidae",0,0,0,964,451,0,0,91,0,0,0,0,0,0,3950,0,0,0,0,0,0,0,0,0,0
"Encrasicholina","genus",NA,NA,"Encrasicholina","Encrasicholina","Engraulidae",779,0,0,0,0,0,0,0,0,0,0,0,0,0,0,0,0,0,0,0,0,0,0,0,0
"Encrasicholina punctifer","species","Encrasicholina punctifer","Encrasicholina punctifer","Encrasicholina","Encrasicholina","Engraulidae",28825,0,0,0,0,0,0,0,0,0,0,0,0,0,0,0,0,0,0,0,0,0,0,0,0
"Engraulis","genus",NA,NA,"Engraulis","Engraulis","Engraulidae",63663,497,22892,19712,0,11521,6759,36186,11595,1547,4308,341687,211619,10637,5808,20731,100395,7357,54078,1645359,41467,298267,115282,20885,100407
"Engraulis encrasicolus","species","Engraulis encrasicolus","Engraulis encrasicolus","Engraulis","Engraulis","Engraulidae",0,0,0,0,0,118,117,241,0,0,57,16750,14324,0,0,0,50210,253,4824,380,81,5063,1615,303,1642
"Epinephelus","genus",NA,NA,"Epinephelus","Epinephelus","Serranidae",0,0,0,0,0,154,0,0,0,0,0,0,0,0,282,0,940,0,0,0,1472,35,0,0,59
"Epinephelus aeneus","species","Epinephelus aeneus","Epinephelus aeneus","Epinephelus","Epinephelus","Serranidae",12,0,0,0,0,0,0,70,0,0,0,0,0,0,64698,0,0,0,0,0,0,428,0,0,0
"Epinephelus costae","species","Epinephelus costae","Epinephelus costae","Epinephelus","Epinephelus","Serranidae",0,0,0,33,353,11873,0,0,0,0,0,99,0,0,71,0,0,0,0,0,0,175,0,0,0
"Epinephelus marginatus","species","Epinephelus marginatus","Epinephelus marginatus","Epinephelus","Epinephelus","Serranidae",0,0,314,102,1829,1327,0,362,0,0,0,257,0,5013,3221,5002,27297,0,0,0,14499,14418,0,1429,17763
"Equulites klunzingeri","species","Equulites klunzingeri","Equulites klunzingeri","Equulites","Equulites","Leiognathidae",2099,0,0,0,0,0,0,0,0,0,0,0,0,0,0,0,0,0,0,0,0,0,0,0,0
"Etrumeus","genus",NA,NA,"Etrumeus","Etrumeus","Dussumieriidae",26735,0,462,0,0,1033,0,0,0,0,0,0,0,0,0,0,0,0,0,0,0,0,0,0,0
"Euthynnus","genus",NA,NA,"Euthynnus","Euthynnus","Scombridae",0,0,0,264,0,348,0,118,467,0,0,562,223,441,0,0,87,66,0,0,0,0,0,0,0
"Euthynnus alletteratus","species","Euthynnus alletteratus","Euthynnus alletteratus","Euthynnus","Euthynnus","Scombridae",27654,21,15488,10386,0,5070,3765,4591,7579,363,43,14052,13659,74355,24131,0,5655,0,8347,67,31,4925,9616,3955,5550
"Exocoetidae","family",NA,NA,NA,NA,"Exocoetidae",0,203,2548,1439,157,163,389,86,0,0,447,311,15,0,0,0,0,0,0,84,2926,0,0,5800,0
"Fistularia","genus",NA,NA,"Fistularia","Fistularia","Fistulariidae",0,0,0,0,87,0,0,0,0,0,0,0,0,0,0,0,0,0,0,0,0,0,0,0,0
"Fistularia commersonii","species","Fistularia commersonii","Fistularia commersonii","Fistularia","Fistularia","Fistulariidae",0,312,9175,1116,5133,0,40,0,0,0,0,0,0,0,0,0,0,0,0,0,0,0,0,0,0
"Fistularia petimba","species","Fistularia petimba","Fistularia petimba","Fistularia","Fistularia","Fistulariidae",4259,0,0,0,0,0,0,0,0,0,0,0,0,0,0,0,0,0,0,0,0,0,0,0,0
"Gadus","genus",NA,NA,"Gadus","Gadus","Gadidae",0,0,0,0,0,0,0,0,0,0,0,0,0,0,0,0,0,0,0,30,0,0,0,275,0
"Gaidropsarus mediterraneus","species","Gaidropsarus mediterraneus","Gaidropsarus mediterraneus","Gaidropsarus","Gaidropsarus","Gaidropsaridae",0,0,0,0,0,0,0,0,0,0,0,0,0,0,0,0,0,0,0,11,264,0,0,9,0
"Gammogobius steinitzi","species","Gammogobius steinitzi","Gammogobius steinitzi","Gammogobius","Gammogobius","Gobiidae",0,0,0,0,0,0,0,0,0,0,0,0,0,0,0,0,0,0,0,436,0,0,0,0,0
"Glaucostegus cemiculus","species","Glaucostegus cemiculus","Glaucostegus cemiculus","Glaucostegus","Glaucostegus","Glaucostegidae",219,0,0,0,0,0,0,0,0,0,0,0,0,0,0,0,0,0,0,0,0,0,0,0,0
"Gobius","genus",NA,NA,"Gobius","Gobius","Gobiidae",0,0,985,0,0,0,0,241,44,0,266,0,0,40435,36,1845,1167,0,13,2456,4720,970,242,23550,30
"Gobius bucchichi","species","Gobius bucchichi","Gobius bucchichi","Gobius","Gobius","Gobiidae",0,0,0,35,0,0,0,0,0,0,0,100,32,251,0,8539,7930,40,0,6761,1668,0,0,4130,0
"Gobius cobitis","species","Gobius cobitis","Gobius cobitis","Gobius","Gobius","Gobiidae",0,0,0,0,0,0,0,0,0,0,0,0,0,0,0,0,0,0,0,0,0,0,0,3,0
"Gobius cruentatus","species","Gobius cruentatus","Gobius cruentatus","Gobius","Gobius","Gobiidae",0,0,0,0,0,0,0,0,0,0,0,0,0,10522,0,0,0,0,0,140,0,10968,0,6192,0
"Gobius geniporus","species","Gobius geniporus","Gobius geniporus","Gobius","Gobius","Gobiidae",0,0,0,0,0,0,0,0,0,0,0,0,0,4980,0,0,999,0,0,0,0,1582,0,2652,0
"Gobius niger","species","Gobius niger","Gobius niger","Gobius","Gobius","Gobiidae",0,0,0,0,0,0,196,0,0,0,0,692,296,0,0,0,0,0,0,0,0,1958,0,97531,15502
"Gobius paganellus","species","Gobius paganellus","Gobius paganellus","Gobius","Gobius","Gobiidae",0,0,0,0,0,0,0,0,0,0,0,0,0,0,0,0,0,0,0,0,1078,0,0,0,0
"Gobius xanthocephalus","species","Gobius xanthocephalus","Gobius xanthocephalus","Gobius","Gobius","Gobiidae",0,28,0,208,0,0,11,15,0,0,0,15,0,1210,336,3943,0,27,0,121,0,2033,0,16354,0
"Gymnammodytes","genus",NA,NA,"Gymnammodytes","Gymnammodytes","Ammodytidae",0,0,0,0,0,0,0,0,0,0,0,0,0,0,0,0,0,0,0,0,167,131482,0,140765,0
"Gymnammodytes cicerelus","species","Gymnammodytes cicerelus","Gymnammodytes cicerelus","Gymnammodytes","Gymnammodytes","Ammodytidae",0,0,0,0,0,0,0,0,0,0,0,0,0,0,0,0,0,0,0,632,20741,2485229,0,3116797,1065
"Gymnammodytes semisquamatus","species","Gymnammodytes semisquamatus","Gymnammodytes semisquamatus","Gymnammodytes","Gymnammodytes","Ammodytidae",0,0,0,0,0,0,0,0,0,0,0,0,0,0,0,1283,0,0,0,0,0,20086,0,17761,0
"Hemiramphus far","species","Hemiramphus far","Hemiramphus far","Hemiramphus","Hemiramphus","Hemiramphidae",1400,28,0,0,0,0,0,0,0,0,0,0,0,0,0,0,0,0,0,0,0,0,0,0,0
"Herklotsichthys punctatus","species","Herklotsichthys punctatus","Herklotsichthys punctatus","Herklotsichthys","Herklotsichthys","Clupeidae",2346,0,0,0,0,0,0,0,0,0,0,0,0,0,0,0,0,0,0,0,0,0,0,0,0
"Hexanchus griseus","species","Hexanchus griseus","Hexanchus griseus","Hexanchus","Hexanchus","Hexanchidae",0,0,0,0,0,0,0,0,0,38,0,0,0,0,0,0,0,0,0,0,0,0,0,0,0
"Himantura uarnak","species","Himantura uarnak","Himantura uarnak","Himantura","Himantura","Dasyatidae",2750,0,0,0,0,0,0,0,0,0,0,0,0,0,0,0,0,0,0,0,0,0,0,0,0
"Hippocampus guttulatus","species","Hippocampus guttulatus","Hippocampus guttulatus","Hippocampus","Hippocampus","Syngnathidae",0,18,0,0,0,0,0,0,0,0,0,133,179,0,0,0,0,0,0,0,405,0,0,0,0
"Jaydia smithi","species","Jaydia smithi","Jaydia smithi","Jaydia","Jaydia","Apogonidae",3740,0,0,0,0,0,0,0,0,0,0,0,0,0,0,0,0,0,0,0,0,0,0,0,0
"Katsuwonus pelamis","species","Katsuwonus pelamis","Katsuwonus pelamis","Katsuwonus","Katsuwonus","Scombridae",0,0,1819,1291,103,0,0,0,0,0,0,0,0,0,0,0,0,0,0,0,0,0,0,0,0
"Labridae","family",NA,NA,NA,NA,"Labridae",0,0,0,0,0,0,0,0,0,0,0,0,0,0,0,0,0,21,0,1362,0,904,0,468,0
"Labrus","genus",NA,NA,"Labrus","Labrus","Labridae",0,0,30,0,0,20,354,58,0,0,0,0,0,2181,505,14442,0,28,0,29357,12902,48857,10207,171052,24146
"Labrus bimaculatus","species","Labrus bimaculatus","Cichlasoma bimaculatum","Labrus","Cichlasoma","Labridae",0,0,0,0,0,0,0,0,0,0,0,0,0,0,0,0,0,0,0,0,0,0,0,6,0
"Lagocephalus","genus",NA,NA,"Lagocephalus","Lagocephalus","Tetraodontidae",763,0,0,0,0,0,0,0,0,0,0,0,0,0,0,0,0,0,0,0,0,0,0,0,0
"Lagocephalus sceleratus","species","Lagocephalus sceleratus","Lagocephalus sceleratus","Lagocephalus","Lagocephalus","Tetraodontidae",1181,304,658,3465,576,0,0,0,0,0,0,0,0,0,0,0,0,0,0,0,0,0,0,0,0
"Lagocephalus suezensis","species","Lagocephalus suezensis","Lagocephalus suezensis","Lagocephalus","Lagocephalus","Tetraodontidae",8640,330,0,0,0,0,0,0,0,0,0,0,0,0,0,0,0,0,0,0,0,0,0,0,0
"Lampanyctus","genus",NA,NA,"Lampanyctus","Lampanyctus","Myctophidae",0,0,0,0,0,0,0,0,0,244,0,0,0,0,0,0,0,0,0,216,0,0,0,8017,137
"Lampanyctus pusillus","species","Lampanyctus pusillus","Lampanyctus pusillus","Lampanyctus","Lampanyctus","Myctophidae",0,0,0,0,0,0,0,0,0,0,0,0,0,0,0,0,0,0,0,0,0,0,0,262,0
"Lebetus","genus",NA,NA,"Lebetus","Lebetus","Gobiidae",0,0,0,0,0,0,0,0,0,0,0,0,0,55476,0,0,0,0,0,0,0,0,0,3,0
"Lebetus guilleti","species","Lebetus guilleti","Lebetus guilleti","Lebetus","Lebetus","Gobiidae",0,0,0,0,0,0,0,0,0,43,0,102,0,0,8880,0,0,0,0,0,0,1078,0,164,0
"Lepadogaster","genus",NA,NA,"Lepadogaster","Lepadogaster","Gobiesocidae",0,0,0,0,198,75,0,0,11,0,0,29,0,0,0,594,36,0,0,1867,1607,0,0,147,0
"Lepadogaster candolii","species","Lepadogaster candolii","Lepadogaster candolii","Lepadogaster","Lepadogaster","Gobiesocidae",0,0,0,0,0,0,0,0,0,0,0,0,0,43,0,0,2396,0,0,5364,14731,474,0,15148,0
"Lepadogaster lepadogaster","species","Lepadogaster lepadogaster","Lepadogaster lepadogaster","Lepadogaster","Lepadogaster","Gobiesocidae",0,0,0,0,150,102,0,0,0,0,0,0,0,0,0,0,0,11,0,14689,3231,0,0,10373,0
"Lepidopus caudatus","species","Lepidopus caudatus","Lepidopus caudatus","Lepidopus","Lepidopus","Trichiuridae",0,0,0,0,0,0,0,0,0,0,0,0,0,0,0,0,0,0,0,0,0,0,0,79,0
"Lepidotrigla","genus",NA,NA,"Lepidotrigla","Lepidotrigla","Triglidae",0,0,0,0,0,0,0,140,0,0,0,0,0,0,0,0,0,0,0,827,0,52990,0,862,0
"Lesueurigobius","genus",NA,NA,"Lesueurigobius","Lesueurigobius","Gobiidae",0,57,0,0,0,433,0,0,0,0,0,0,0,0,0,0,0,0,0,0,0,1657,0,0,0
"Lesueurigobius sanzi","species","Lesueurigobius sanzi","Lesueurigobius sanzi","Lesueurigobius","Lesueurigobius","Gobiidae",0,0,0,0,0,0,0,0,0,98,0,0,0,0,0,0,0,0,0,0,0,0,0,0,0
"Lesueurigobius suerii","species","Lesueurigobius suerii","Lesueurigobius suerii","Lesueurigobius","Lesueurigobius","Gobiidae",0,147,0,587,0,0,0,0,0,0,0,0,0,0,0,121,921,21,0,0,0,7860,0,0,0
"Lipophrys","genus",NA,NA,"Lipophrys","Lipophrys","Blenniidae",0,0,0,0,0,0,0,0,0,0,0,0,0,529,0,0,684,0,0,1936,53,0,0,3013,0
"Lipophrys trigloides","species","Lipophrys trigloides","Lipophrys trigloides","Lipophrys","Lipophrys","Blenniidae",0,0,0,0,149,75,0,650,0,22,24,552,0,10898,161,2507,64894,44,529,47697,22706,0,0,133479,1510
"Lithognathus","genus",NA,NA,"Lithognathus","Lithognathus","Sparidae",0,0,1193,0,0,0,0,0,0,0,0,165,0,0,62,0,0,0,0,0,74,0,460,8320,82
"Lithognathus mormyrus","species","Lithognathus mormyrus","Lithognathus mormyrus","Lithognathus","Lithognathus","Sparidae",6679,617,1270,1148,114,0,647,528,572,3233,108,13815,0,0,1659,0,0,0,87,1396,8808,155,53525,300778,26723
"Lobianchia dofleini","species","Lobianchia dofleini","Lobianchia dofleini","Lobianchia","Lobianchia","Myctophidae",0,0,0,0,0,0,0,0,2745,271,446,0,0,125,0,0,0,0,0,0,0,0,0,0,0
"Lophius budegassa","species","Lophius budegassa","Lophius budegassa","Lophius","Lophius","Lophiidae",0,0,0,0,0,0,0,0,0,0,0,0,0,0,0,0,0,0,0,0,2097,0,0,0,0
"Lophius piscatorius","species","Lophius piscatorius","Lophius piscatorius","Lophius","Lophius","Lophiidae",0,0,0,0,0,0,0,0,0,0,0,0,0,0,0,0,0,0,0,0,0,0,0,10,0
"Macroramphosus scolopax","species","Macroramphosus scolopax","Macroramphosus scolopax","Macroramphosus","Macroramphosus","Centriscidae",0,0,0,0,0,0,0,0,0,0,33,0,0,0,0,0,0,0,0,0,0,0,0,0,0
"Maurolicus","genus",NA,NA,"Maurolicus","Maurolicus","Sternoptychidae",0,0,0,0,0,0,0,0,0,0,0,0,0,0,0,51,51,0,0,0,0,147,0,318,2
"Merluccius","genus",NA,NA,"Merluccius","Merluccius","Merlucciidae",0,0,0,0,0,0,0,0,0,0,0,0,0,0,0,0,0,0,0,0,0,0,5554,0,0
"Merluccius merluccius","species","Merluccius merluccius","Merluccius merluccius","Merluccius","Merluccius","Merlucciidae",0,0,0,0,0,0,0,0,0,0,0,0,0,0,0,504,1160,0,0,0,0,221,0,0,0
"Microlipophrys","genus",NA,NA,"Microlipophrys","Microlipophrys","Blenniidae",0,0,0,0,0,0,0,0,0,0,0,0,0,0,0,0,0,76,0,3871,5737,0,0,0,0
"Microlipophrys canevae","species","Microlipophrys canevae","Microlipophrys canevae","Microlipophrys","Microlipophrys","Blenniidae",0,0,0,0,255,147,0,0,0,0,0,57,0,0,1183,34413,0,427,0,68622,22004,0,0,0,3038
"Micromesistius poutassou","species","Micromesistius poutassou","Micromesistius poutassou","Micromesistius","Micromesistius","Gadidae",0,59,0,0,0,0,0,0,0,18,0,0,0,0,0,0,0,0,0,0,0,0,0,0,0
"Millerigobius","genus",NA,NA,"Millerigobius","Millerigobius","Gobiidae",0,0,0,0,0,0,45,0,0,0,0,31,0,600,1735,5399,28,0,0,0,0,326,0,1302,0
"Millerigobius macrocephalus","species","Millerigobius macrocephalus","Millerigobius macrocephalus","Millerigobius","Millerigobius","Gobiidae",0,0,0,0,0,0,0,0,0,0,0,48,91,0,0,0,0,0,0,0,0,0,0,0,0
"Mobula","genus",NA,NA,"Mobula","Mobula","Myliobatidae",0,0,0,0,0,389,0,0,0,0,0,0,0,0,0,0,56,0,0,0,0,0,0,616,0
"Mola","genus",NA,NA,"Mola","Mola","Molidae",0,0,0,0,0,0,0,0,0,0,66,0,0,0,0,0,0,0,0,24,832,0,0,0,0
"Mola mola","species","Mola mola","Mola mola","Mola","Mola","Molidae",0,0,0,0,0,0,0,0,1465,22776,176,574,157,0,0,0,0,0,0,12565,126189,75,0,1412,846
"Mugil","genus",NA,NA,"Mugil","Mugil","Mugilidae",5842,0,118,0,0,0,0,0,0,0,0,91,0,0,0,15699,0,0,0,306,81314,0,0,24727,13657
"Mullus","genus",NA,NA,"Mullus","Mullus","Mullidae",0,0,0,0,0,43,0,0,0,0,0,0,0,406,0,0,0,0,16,578,569,132,0,606,321
"Mullus barbatus","species","Mullus barbatus","Mullus barbatus","Mullus","Mullus","Mullidae",0,0,0,0,666,2541,158,0,620,31,346,7979,146,0,0,0,0,84,0,10365,17689,37531,0,12754,6172
"Mullus surmuletus","species","Mullus surmuletus","Mullus surmuletus","Mullus","Mullus","Mullidae",0,0,0,37,119,422,368,172,0,0,17,0,90,333,3260,586,383,209,0,7190,4702,16222,0,79905,11777
"Muraena","genus",NA,NA,"Muraena","Muraena","Muraenidae",0,0,0,0,0,0,0,0,0,0,0,1506,0,1757,3435,490,0,0,0,85,1758,0,0,4511,0
"Muraena helena","species","Muraena helena","Muraena helena","Muraena","Muraena","Muraenidae",0,56,0,46,534,2021,1651,996,0,0,89,2240,2696,11777,103441,19752,0,0,2190,4761,15158,9350,2895,232977,1139
"Mycteroperca","genus",NA,NA,"Mycteroperca","Mycteroperca","Serranidae",0,0,0,0,0,0,0,0,0,0,0,0,0,0,43,0,0,0,0,0,0,0,0,0,0
"Mycteroperca rubra","species","Mycteroperca rubra","Mycteroperca rubra","Mycteroperca","Mycteroperca","Serranidae",1348,0,0,0,0,25,23,0,0,0,0,0,0,1109,1087,0,0,0,0,0,0,0,0,0,0
"Myctophidae","family",NA,NA,NA,NA,"Myctophidae",0,0,0,0,0,0,0,0,0,213,0,0,0,0,0,0,0,0,0,0,0,0,0,0,0
"Myctophum","genus",NA,NA,"Myctophum","Myctophum","Myctophidae",0,0,0,0,0,0,0,0,260,3767,0,0,0,0,0,0,0,0,0,0,0,0,33,323,0
"Myctophum punctatum","species","Myctophum punctatum","Myctophum punctatum","Myctophum","Myctophum","Myctophidae",0,0,0,0,0,0,0,0,4403,95035,99,0,0,0,0,0,0,0,0,0,0,0,18675,22172,0
"Myliobatis","genus",NA,NA,"Myliobatis","Myliobatis","Myliobatidae",0,0,0,0,0,0,0,0,0,0,0,0,0,0,278,0,0,0,0,0,0,0,0,0,0
"Myliobatis aquila","species","Myliobatis aquila","Myliobatis aquila","Myliobatis","Myliobatis","Myliobatidae",0,0,0,0,0,0,0,0,0,0,21,0,0,0,28552,0,0,0,0,0,179,436,0,944,0
"Naucrates ductor","species","Naucrates ductor","Naucrates ductor","Naucrates","Naucrates","Carangidae",0,0,0,0,0,0,0,0,0,0,0,0,0,0,0,0,1085,0,0,0,0,0,0,0,0
"Nemipterus randalli","species","Nemipterus randalli","Nemipterus randalli","Nemipterus","Nemipterus","Nemipteridae",3272,0,0,0,0,0,0,0,0,0,0,0,0,0,0,0,0,0,0,0,0,0,0,0,0
"Nerophis","genus",NA,NA,"Nerophis","Nerophis","Syngnathidae",0,0,0,0,0,0,0,0,0,0,0,0,0,0,0,0,0,0,0,0,0,0,0,24,0
"Nerophis maculatus","species","Nerophis maculatus","Nerophis maculatus","Nerophis","Nerophis","Syngnathidae",0,0,0,0,0,0,0,0,0,0,0,0,0,0,0,0,0,0,0,0,0,0,0,0,22
"Notoscopelus elongatus","species","Notoscopelus elongatus","Notoscopelus elongatus","Notoscopelus","Notoscopelus","Myctophidae",0,0,0,0,0,0,0,0,0,88,0,0,0,0,0,0,0,0,0,0,0,0,84,0,0
"Odondebuenia balearica","species","Odondebuenia balearica","Odondebuenia balearica","Odondebuenia","Odondebuenia","Gobiidae",0,42,44,210,139,24,37,182,0,0,68,147,0,46910,154365,832,0,45,278,0,0,20747,0,135679,1593
"Oedalechilus labeo","species","Oedalechilus labeo","Oedalechilus labeo","Oedalechilus","Oedalechilus","Mugilidae",0,21,2328,0,1796,63,444,694,22,82,0,857,0,5126,280,16666,260951,1095,6954,116678,56975,13920,0,210727,0
"Oncorhynchus","genus",NA,NA,"Oncorhynchus","Oncorhynchus","Salmonidae",0,0,3987,0,0,0,0,0,0,0,0,0,0,0,0,0,0,0,0,0,29850,0,0,37316,0
"Oncorhynchus gorbuscha","species","Oncorhynchus gorbuscha","Oncorhynchus gorbuscha","Oncorhynchus","Oncorhynchus","Salmonidae",0,0,0,0,0,0,0,0,0,0,0,0,0,0,0,0,1716,0,0,0,0,0,0,0,0
"Ophidion","genus",NA,NA,"Ophidion","Ophidion","Ophidiidae",0,0,0,0,0,0,0,0,0,0,0,423,0,0,0,0,0,469,0,0,1238,11417,0,6626,0
"Ophidion rochei","species","Ophidion rochei","Ophidion rochei","Ophidion","Ophidion","Ophidiidae",0,0,0,0,0,0,0,0,0,0,0,0,0,0,0,0,0,0,0,0,0,0,0,10576,0
"Ophisurus","genus",NA,NA,"Ophisurus","Ophisurus","Ophichthidae",0,0,0,0,0,0,0,0,0,0,0,0,0,1352,0,0,0,0,0,0,0,0,69,0,0
"Ophisurus serpens","species","Ophisurus serpens","Ophisurus serpens","Ophisurus","Ophisurus","Ophichthidae",0,0,12,18,0,0,0,0,0,0,0,0,0,7165,0,163,0,0,0,0,0,0,31098,20,0
"Ostorhinchus fasciatus","species","Ostorhinchus fasciatus","Ostorhinchus fasciatus","Ostorhinchus","Ostorhinchus","Apogonidae",6690,0,0,0,0,0,0,0,0,0,0,0,0,0,0,0,0,0,0,0,0,0,0,0,0
"Pagellus","genus",NA,NA,"Pagellus","Pagellus","Sparidae",0,28,0,0,0,0,159,0,0,52,0,0,0,5358,1244,0,0,0,70,0,3089,39513,0,2191,0
"Pagellus acarne","species","Pagellus acarne","Pagellus acarne","Pagellus","Pagellus","Sparidae",0,48,562,0,0,0,32,0,4628,820,1075,87,0,27320,6784,0,0,586,0,406,19193,68308,0,2087,38
"Pagellus erythrinus","species","Pagellus erythrinus","Pagellus erythrinus","Pagellus","Pagellus","Sparidae",0,123,1989,0,97,768,617,0,483,0,69,350,142,9606,189553,0,0,80,0,2481,30374,239116,0,234003,5321
"Pagrus caeruleostictus","species","Pagrus caeruleostictus","Pagrus caeruleostictus","Pagrus","Pagrus","Sparidae",39768,0,0,0,0,0,0,0,0,0,0,0,0,0,0,0,0,0,0,0,0,0,0,0,0
"Parablennius","genus",NA,NA,"Parablennius","Parablennius","Blenniidae",0,0,0,0,942,3132,0,336,0,166,0,1275,108,161,586,61035,56523,789,2022,27818,55496,18990,0,110257,101064
"Parablennius gattorugine","species","Parablennius gattorugine","Parablennius gattorugine","Parablennius","Parablennius","Blenniidae",0,0,0,0,0,0,0,0,0,0,0,1368,404,0,0,14912,3066,0,0,41418,38279,0,0,11470,31272
"Parablennius incognitus","species","Parablennius incognitus","Parablennius incognitus","Parablennius","Parablennius","Blenniidae",0,0,0,0,0,0,0,31,0,0,21,273,0,695,0,12761,19266,101,614,34824,112796,255,9559,4852,2128
"Parablennius pilicornis","species","Parablennius pilicornis","Parablennius pilicornis","Parablennius","Parablennius","Blenniidae",0,0,0,0,0,0,0,0,450,1033,93,0,0,0,0,0,5494,0,0,5518,36623,0,0,0,0
"Parablennius sanguinolentus","species","Parablennius sanguinolentus","Parablennius sanguinolentus","Parablennius","Parablennius","Blenniidae",0,0,0,0,0,120,0,0,0,40,0,1999,0,0,0,0,6628,260,0,14896,703,0,0,25392,8681
"Parexocoetus","genus",NA,NA,"Parexocoetus","Parexocoetus","Exocoetidae",0,0,459,0,0,0,0,0,0,0,0,0,0,0,0,0,0,0,0,0,0,0,0,0,0
"Parexocoetus mento","species","Parexocoetus mento","Parexocoetus mento","Parexocoetus","Parexocoetus","Exocoetidae",16801,787,0,0,0,0,0,0,0,0,0,0,0,0,0,0,0,0,0,0,0,0,0,0,0
"Parupeneus","genus",NA,NA,"Parupeneus","Parupeneus","Mullidae",14061,2422,18600,3168,12548,0,0,0,0,0,0,0,0,0,0,0,0,11,0,0,0,0,0,0,0
"Pegusa bleekeri","species","Pegusa bleekeri","Ebosia bleekeri","Pegusa","Ebosia","Soleidae",0,0,0,0,0,0,0,0,0,0,0,0,0,0,0,0,0,0,0,3,238,0,0,0,0
"Pempheris vanicolensis","species","Pempheris vanicolensis","Pempheris vanicolensis","Pempheris","Pempheris","Pempheridae",676,145,5877,619,1168,0,0,0,0,0,0,0,0,0,0,0,0,0,0,0,0,0,0,0,0
"Pomadasys incisus","species","Pomadasys incisus","Pomadasys incisus","Pomadasys","Pomadasys","Haemulidae",1251,0,0,0,0,0,94,0,0,0,0,0,0,0,29,0,0,0,0,0,0,0,0,0,0
"Pomatomus saltator","species","Pomatomus saltator","Pomatomus saltatrix","Pomatomus","Pomatomus","Pomatomidae",0,0,0,0,0,0,25,0,0,49,0,1280,37,0,0,0,0,0,0,594,337,0,0,0,3687
"Pomatoschistus","genus",NA,NA,"Pomatoschistus","Pomatoschistus","Gobiidae",0,0,0,0,0,0,0,0,0,0,0,1466,0,0,0,0,0,0,0,0,0,0,0,18488,0
"Prionace glauca","species","Prionace glauca","Prionace glauca","Prionace","Prionace","Carcharhinidae",0,0,0,0,0,0,0,0,0,0,0,0,0,0,0,0,0,0,0,0,488,0,0,0,0
"Pseudaphya ferreri","species","Pseudaphya ferreri","Pseudaphya ferreri","Pseudaphya","Pseudaphya","Gobiidae",0,0,0,0,0,0,0,0,0,0,99,53,0,265560,1778,576,2748,0,0,0,0,76715,0,190309,0
"Pseudocaranx dentex","species","Pseudocaranx dentex","Pseudocaranx dentex","Pseudocaranx","Pseudocaranx","Carangidae",0,22,3177,0,0,0,0,0,0,0,0,0,0,0,0,0,0,0,0,0,0,0,0,0,0
"Pterois miles","species","Pterois miles","Pterois miles","Pterois","Pterois","Scorpaenidae",0,3052,8124,1583,449,86,0,0,0,0,0,0,0,0,0,0,0,0,0,0,0,0,0,0,0
"Pteroplatytrygon violacea","species","Pteroplatytrygon violacea","Pteroplatytrygon violacea","Pteroplatytrygon","Pteroplatytrygon","Dasyatidae",0,0,0,0,0,0,16,0,0,0,15,0,0,0,0,0,0,0,0,0,0,54,0,0,0
"Raja","genus",NA,NA,"Raja","Raja","Rajidae",0,0,0,0,0,0,0,0,0,0,0,0,0,0,0,8046,0,0,0,0,0,5442,0,450,0
"Raja brachyura","species","Raja brachyura","Raja brachyura","Raja","Raja","Rajidae",0,0,0,0,0,0,0,0,0,0,0,0,0,0,0,0,0,0,0,0,0,0,0,696,0
"Repomucenus","genus",NA,NA,"Repomucenus","Repomucenus","Callionymidae",59,0,0,0,0,0,0,0,0,0,0,0,0,0,0,0,0,0,0,0,0,0,0,0,0
"Repomucenus filamentosus","species","Repomucenus filamentosus","Callionymus filamentosus","Repomucenus","Callionymus","Callionymidae",7739,24,552,0,0,0,0,0,0,0,0,0,0,0,0,0,0,0,0,0,0,0,0,0,0
"Rhinobatos rhinobatos","species","Rhinobatos rhinobatos","Rhinobatos rhinobatos","Rhinobatos","Rhinobatos","Rhinobatidae",66,0,0,0,0,0,0,0,0,0,0,0,0,0,0,0,0,0,0,0,0,0,0,0,0
"Salaria","genus",NA,NA,"Salaria","Salaria","Blenniidae",0,0,0,0,0,0,0,0,0,0,0,3109,0,4485,0,0,0,0,0,0,0,0,0,0,0
"Salmo","genus",NA,NA,"Salmo","Salmo","Salmonidae",0,0,2063,0,0,0,0,0,0,0,0,0,0,0,0,0,0,0,0,0,0,0,0,0,0
"Salmo salar","species","Salmo salar","Salmo salar","Salmo","Salmo","Salmonidae",0,0,0,0,0,0,507,0,0,0,0,0,0,0,0,0,0,0,0,0,0,0,0,0,0
"Salmonidae","family",NA,NA,NA,NA,"Salmonidae",0,0,87,0,0,0,0,0,0,0,0,0,0,0,0,0,0,0,0,0,576,0,0,0,0
"Sarda","genus",NA,NA,"Sarda","Sarda","Scombridae",0,0,0,0,0,0,0,0,0,0,0,0,0,0,0,0,0,0,0,0,0,17,0,0,0
"Sarda sarda","species","Sarda sarda","Sarda sarda","Sarda","Sarda","Scombridae",0,0,0,0,0,0,0,0,67,0,681,4613,0,0,0,0,552,0,0,5048,334,6148,0,621,3938
"Sardina pilchardus","species","Sardina pilchardus","Sardina pilchardus","Sardina","Sardina","Clupeidae",0,352,0,0,0,0,0,0,12321,7551,46469,602,0,0,0,0,3011,312,0,173010,841106,28332,0,213062,427411
"Sardinella","genus",NA,NA,"Sardinella","Sardinella","Clupeidae",5455,399,0,0,558,25525,30079,25959,271582,152472,90189,35141,65783,77754,4401,39514,34640,75254,18884,31274,142521,233460,909446,69592,331875
"Sardinella longiceps","species","Sardinella longiceps","Sardinella longiceps","Sardinella","Sardinella","Clupeidae",0,0,0,0,0,0,0,0,0,0,0,0,0,0,0,0,0,0,0,0,0,64,0,0,0
"Sargocentron","genus",NA,NA,"Sargocentron","Sargocentron","Holocentridae",5578,292,2784,4248,1334,0,0,0,0,0,0,0,0,0,0,0,0,0,0,0,0,0,0,0,0
"Sarpa salpa","species","Sarpa salpa","Sarpa salpa","Sarpa","Sarpa","Sparidae",0,0,0,1932,0,4156,6258,6085,1759,1277,666,81442,19549,264364,36023,198828,71861,5885,4381,1195912,2126347,206045,64773,1102762,164108
"Saurida lessepsianus","species","Saurida lessepsianus","Saurida lessepsianus","Saurida","Saurida","Synodontidae",3623,0,0,0,0,0,0,0,0,0,0,0,0,0,0,0,0,0,0,0,0,0,0,0,0
"Scartella cristata","species","Scartella cristata","Scartella cristata","Scartella","Scartella","Blenniidae",0,0,0,0,0,0,468,844,0,0,155,0,0,0,0,0,0,0,0,0,0,0,0,0,0
"Sciaena umbra","species","Sciaena umbra","Sciaena umbra","Sciaena","Sciaena","Sciaenidae",0,0,0,0,0,72,92,81,0,0,79,388,419,39672,42538,0,1408,22,789,2363,10608,2232,111779,365220,2578
"Sciaenidae","family",NA,NA,NA,NA,"Sciaenidae",0,578,0,0,0,0,246,0,0,0,66110,0,0,0,0,0,0,0,0,0,0,0,0,0,0
"Scomber","genus",NA,NA,"Scomber","Scomber","Scombridae",0,0,0,0,0,18080,330,251,12158,10362,20396,6299,1211,0,0,0,0,1340,3483,4624,41595,177121,0,8063,1614
"Scomber colias","species","Scomber colias","Scomber colias","Scomber","Scomber","Scombridae",0,0,0,0,0,1469,0,0,2385,766,3621,2225,0,0,0,0,0,0,3276,791,7465,7077,0,3505,0
"Scomber scombrus","species","Scomber scombrus","Scomber scombrus","Scomber","Scomber","Scombridae",0,0,0,0,0,0,0,0,0,0,100,0,0,0,0,0,0,0,0,1337,38520,0,0,32117,0
"Scomberomorus commerson","species","Scomberomorus commerson","Scomberomorus commerson","Scomberomorus","Scomberomorus","Scombridae",254,0,0,620,0,0,0,0,0,0,0,0,0,0,0,0,0,0,0,0,0,0,0,0,0
"Scombridae","family",NA,NA,NA,NA,"Scombridae",0,0,0,0,0,0,0,0,0,0,0,0,0,230,0,0,0,0,0,0,0,0,0,0,0
"Scorpaena","genus",NA,NA,"Scorpaena","Scorpaena","Scorpaenidae",0,0,0,0,0,0,0,0,0,0,0,0,0,2296,0,2386,146,0,0,819,153,1407,0,9110,200
"Scorpaena notata","species","Scorpaena notata","Scorpaena notata","Scorpaena","Scorpaena","Scorpaenidae",0,47,0,0,0,128,528,129,200,0,0,169,643,37240,0,0,0,280,1869,0,11382,607,0,45015,20634
"Scorpaena porcus","species","Scorpaena porcus","Scorpaena porcus","Scorpaena","Scorpaena","Scorpaenidae",0,0,0,0,0,0,1211,543,0,0,0,764,100,6300,210,6410,18364,415,0,9318,21186,3302,0,14032,8340
"Scorpaena scrofa","species","Scorpaena scrofa","Scorpaena scrofa","Scorpaena","Scorpaena","Scorpaenidae",0,120,0,0,72,0,0,340,0,0,0,178,245,0,0,11053,10733,133,0,0,1955,3749,3964,43889,11512
"Scyliorhinus canicula","species","Scyliorhinus canicula","Scyliorhinus canicula","Scyliorhinus","Scyliorhinus","Scyliorhinidae",0,0,0,0,0,0,0,0,0,0,0,0,0,0,0,0,0,0,0,0,0,439,0,3,0
"Seriola","genus",NA,NA,"Seriola","Seriola","Carangidae",0,0,0,0,0,0,0,0,0,0,0,0,0,0,0,0,0,0,0,0,0,0,0,3,0
"Seriola dumerili","species","Seriola dumerili","Seriola dumerili","Seriola","Seriola","Carangidae",0,0,0,0,0,60,12,76,0,0,0,0,0,0,129,13,0,0,12,0,3097,17,0,965,1024
"Serranus","genus",NA,NA,"Serranus","Serranus","Serranidae",0,29,220,341,0,0,224,51,0,0,0,0,14,74912,6025,11817,3017,0,0,830,2984,20080,1896,185392,8809
"Serranus cabrilla","species","Serranus cabrilla","Serranus cabrilla","Serranus","Serranus","Serranidae",0,108,133,263,37,118,237,44,0,0,56,98,0,33071,6612,19729,7188,0,0,149,3345,56424,0,78335,14668
"Serranus hepatus","species","Serranus hepatus","Serranus hepatus","Serranus","Serranus","Serranidae",0,0,63,0,0,0,0,0,0,0,0,72,112,225900,360700,0,0,11,0,3067,9584,27683,0,3239,0
"Serranus scriba","species","Serranus scriba","Serranus scriba","Serranus","Serranus","Serranidae",0,71,1138,1451,85,13,691,653,0,0,0,1178,28,25540,78302,70834,278009,762,413,16442,6265,27613,17280,653915,17152
"Siganus","genus",NA,NA,"Siganus","Siganus","Siganidae",11207,9511,30654,10804,27067,1178,0,0,0,0,0,0,0,0,0,0,0,40,0,0,0,0,0,0,0
"Siganus luridus","species","Siganus luridus","Siganus luridus","Siganus","Siganus","Siganidae",0,0,0,4350,2900,2287,0,0,0,0,0,0,0,0,0,0,0,0,0,0,0,0,0,0,0
"Sillago","genus",NA,NA,"Sillago","Sillago","Sillaginidae",59543,0,0,0,0,0,0,0,0,0,0,0,0,0,0,0,0,0,0,0,0,0,0,0,0
"Solea senegalensis","species","Solea senegalensis","Solea senegalensis","Solea","Solea","Soleidae",0,0,0,0,0,0,0,0,0,0,0,0,0,0,0,0,0,0,0,826,0,0,0,206,0
"Sparidae","family",NA,NA,NA,NA,"Sparidae",0,678,0,0,221,424,1444,342,192,0,653,733,0,11868,149115,16520,11588,231,253,1854,29713,408084,0,667440,279478
"Sparisoma","genus",NA,NA,"Sparisoma","Sparisoma","Labridae",0,0,0,0,0,0,0,0,0,0,0,0,0,304,919,0,0,0,0,0,0,0,0,0,0
"Sparisoma cretense","species","Sparisoma cretense","Sparisoma cretense","Sparisoma","Sparisoma","Labridae",0,886,10563,12845,20308,5693,17010,34424,0,0,0,4976,0,34867,104149,0,4991,177,0,0,0,0,0,0,0
"Sparus aurata","species","Sparus aurata","Sparus aurata","Sparus","Sparus","Sparidae",1436,388095,2801,0,0,0,86956,228,83,27,39759,15841,1945,6576,25413,0,0,2384,542,56859,143884,2091,0,231760,14093
"Speleogobius trigloides","species","Speleogobius trigloides","Speleogobius trigloides","Speleogobius","Speleogobius","Gobiidae",0,0,0,0,0,0,0,0,0,0,0,0,0,0,0,0,8237,0,0,0,0,0,0,2275,0
"Sphyraena","genus",NA,NA,"Sphyraena","Sphyraena","Sphyraenidae",108,1624,1665,385,180,0,0,17,0,0,0,0,14,0,426,0,0,26,0,117,52,2204,344,55,5851
"Sphyraena viridensis","species","Sphyraena viridensis","Sphyraena viridensis","Sphyraena","Sphyraena","Sphyraenidae",0,0,0,0,0,20,0,13,0,0,20,0,0,18,93,0,2139,0,0,0,4282,109,573,885,2887
"Spicara","genus",NA,NA,"Spicara","Spicara","Centracanthidae",0,0,50,0,0,0,279,89,6331,282,1077,79,408,57165,1176,4374,2128,46,0,621,698,51904,401,47643,4721
"Spicara maena","species","Spicara maena","Spicara maena","Spicara","Spicara","Centracanthidae",0,3803,34428,33193,35215,320,6076,11162,211,0,1323,698,0,32003,58258,0,36824,24070,1160,100604,35695,75141,4165,283694,201965
"Spicara smaris","species","Spicara smaris","Spicara smaris","Spicara","Spicara","Centracanthidae",0,5137,18699,89715,544,45470,3814,19306,0,407,33647,916,670,75542,30452,222787,91854,35916,2788,7635,5124,1023320,96141,2241378,6332
"Spondyliosoma cantharus","species","Spondyliosoma cantharus","Spondyliosoma cantharus","Spondyliosoma","Spondyliosoma","Sparidae",0,13,0,0,0,1023,0,443,113,78,663,264,238,1707,772,10577,16860,101,0,977,43806,242749,19245,154930,7120
"Stomias boa","species","Stomias boa","Stomias boa","Stomias","Stomias","Stomiidae",0,0,0,0,0,0,0,0,21,0,0,0,0,0,0,0,0,0,0,0,0,0,0,381,0
"Symbolophorus","genus",NA,NA,"Symbolophorus","Symbolophorus","Myctophidae",0,0,0,0,0,0,0,0,0,0,0,0,0,0,0,0,0,0,0,0,0,0,0,3,0
"Symbolophorus veranyi","species","Symbolophorus veranyi","Symbolophorus veranyi","Symbolophorus","Symbolophorus","Myctophidae",0,0,0,0,0,0,0,0,0,0,0,0,0,0,0,0,0,0,0,0,0,0,0,42,0
"Symphodus","genus",NA,NA,"Symphodus","Symphodus","Labridae",0,515,2450,250,0,0,896,1633,0,0,81,365,262,25829,7004,39802,78763,818,525,225532,45278,75502,15646,194497,17709
"Symphodus bailloni","species","Symphodus bailloni","Symphodus bailloni","Symphodus","Symphodus","Labridae",0,0,0,0,0,0,0,0,0,0,0,0,0,0,0,0,0,0,0,13769,4357,0,0,0,0
"Symphodus ocellatus","species","Symphodus ocellatus","Symphodus ocellatus","Symphodus","Symphodus","Labridae",0,0,0,1350,0,0,1281,885,0,0,206,321,1187,13872,17012,26490,42519,1125,0,31356,38790,20635,0,420966,6448
"Symphodus tinca","species","Symphodus tinca","Symphodus tinca","Symphodus","Symphodus","Labridae",0,0,799,1133,175,48,1082,1172,0,54,172,6671,2523,38356,25573,95944,119187,4701,301,229226,145707,46728,9078,302011,77307
"Synchiropus","genus",NA,NA,"Synchiropus","Synchiropus","Callionymidae",0,0,0,0,0,70,0,0,0,0,0,0,0,0,0,0,0,0,0,0,0,0,0,1215,0
"Syngnathus","genus",NA,NA,"Syngnathus","Syngnathus","Syngnathidae",0,0,0,0,0,0,0,0,0,0,0,0,0,0,3120,0,0,14,762,152,0,13922,0,3166,26075
"Syngnathus acus","species","Syngnathus acus","Syngnathus acus","Syngnathus","Syngnathus","Syngnathidae",0,30,0,409,0,0,0,0,0,0,0,0,0,278,0,0,0,0,0,0,0,669,0,117,0
"Synodus","genus",NA,NA,"Synodus","Synodus","Synodontidae",0,0,0,0,0,0,0,0,0,0,0,0,0,0,0,0,0,0,0,0,0,14,0,69,0
"Synodus saurus","species","Synodus saurus","Synodus saurus","Synodus","Synodus","Synodontidae",0,0,0,52,0,74,0,15,0,0,0,0,0,0,53,0,0,0,0,0,109,859,838,9338,0
"Synodus synodus","species","Synodus synodus","Synodus synodus","Synodus","Synodus","Synodontidae",0,0,0,0,1368,0,0,0,0,0,0,0,0,0,0,0,0,0,0,0,0,0,0,0,0
"Thalassoma","genus",NA,NA,"Thalassoma","Thalassoma","Labridae",0,0,0,0,0,0,0,0,0,0,0,0,0,0,2028,8397,3481,0,0,375,334,2845,0,31501,0
"Thalassoma pavo","species","Thalassoma pavo","Thalassoma pavo","Thalassoma","Thalassoma","Labridae",0,132,6668,5055,39154,38232,2281,3208,29,49,296,5625,0,21371,221539,123860,585164,438,1049,10159,14662,12984,3266,1886151,455
"Thunnus","genus",NA,NA,"Thunnus","Thunnus","Scombridae",154,0,0,0,3546,9379,37123,502,320,59,9981,1291,117,1237,0,0,0,11,584,243,1631,18344,3853,43411,0
"Torpedo","genus",NA,NA,"Torpedo","Torpedo","Torpedinidae",0,0,0,0,0,0,0,0,0,0,0,0,0,0,0,0,0,0,0,0,0,0,0,10106,0
"Torpedo marmorata","species","Torpedo marmorata","Torpedo marmorata","Torpedo","Torpedo","Torpedinidae",0,0,0,0,0,0,0,0,0,0,73,322,112,0,17400,0,0,0,0,838,0,8887,0,120847,0
"Torquigener flavimaculosus","species","Torquigener flavimaculosus","Torquigener flavimaculosus","Torquigener","Torquigener","Tetraodontidae",0,62,21,484,157,0,0,0,0,0,0,0,0,0,0,0,0,0,0,0,0,0,0,0,0
"Trachinotus ovatus","species","Trachinotus ovatus","Trachinotus ovatus","Trachinotus","Trachinotus","Carangidae",42,0,0,0,0,0,17,36,0,0,0,0,0,0,0,0,0,0,0,0,0,0,0,0,0
"Trachinus","genus",NA,NA,"Trachinus","Trachinus","Trachinidae",0,0,0,0,0,0,0,0,0,0,0,0,0,266,0,0,0,0,0,0,0,0,0,183,0
"Trachinus araneus","species","Trachinus araneus","Trachinus araneus","Trachinus","Trachinus","Trachinidae",0,0,59,0,0,0,0,0,0,0,0,0,0,0,0,0,0,0,0,0,0,0,0,0,0
"Trachinus draco","species","Trachinus draco","Trachinus draco","Trachinus","Trachinus","Trachinidae",0,0,0,0,0,0,0,0,0,0,0,0,0,55286,0,0,0,0,0,0,0,364,0,24226,242
"Trachinus radiatus","species","Trachinus radiatus","Trachinus radiatus","Trachinus","Trachinus","Trachinidae",0,0,0,0,0,0,0,0,0,0,0,0,0,0,0,0,0,0,0,0,0,9,3,731,0
"Trachurus","genus",NA,NA,"Trachurus","Trachurus","Carangidae",1538,0,0,0,0,107,7120,15826,9363,10384,5102,4013,2938,0,47,0,19537,173,1394,6469,56458,154027,18386,44854,31791
"Trichiurus","genus",NA,NA,"Trichiurus","Trichiurus","Trichiuridae",0,0,0,0,0,0,0,23,0,0,0,0,0,0,0,0,0,0,0,0,0,0,0,0,0
"Trichiurus lepturus","species","Trichiurus lepturus","Trichiurus lepturus","Trichiurus","Trichiurus","Trichiuridae",14,0,0,0,0,0,0,0,0,0,0,0,0,0,0,0,0,0,0,0,0,0,0,0,0
"Triglidae","family",NA,NA,NA,NA,"Triglidae",0,0,0,0,0,93,0,0,354,0,236,0,0,0,10232,41820,0,0,0,0,0,28515,0,1763,0
"Tripterygion","genus",NA,NA,"Tripterygion","Tripterygion","Tripterygiidae",0,0,0,0,0,0,0,0,0,0,0,0,0,0,0,209,2200,0,0,4007,6715,0,877,33027,290
"Tripterygion delaisi","species","Tripterygion delaisi","Tripterygion delaisi","Tripterygion","Tripterygion","Tripterygiidae",0,0,0,0,0,121,0,207,0,0,0,62,0,11912,5401,82153,3187,199,0,1706,26207,312,0,69377,12651
"Tripterygion melanurum","species","Tripterygion melanurum","Tripterygion melanurus","Tripterygion","Tripterygion","Tripterygiidae",0,0,0,0,288,97,0,95,0,0,0,352,0,4247,235,377,1709,333,0,6890,18959,0,7490,2140,331
"Tripterygion tripteronotum","species","Tripterygion tripteronotum","Tripterygion tripteronotum","Tripterygion","Tripterygion","Tripterygiidae",0,0,0,0,0,0,0,0,0,0,0,14,0,1757,0,5806,195822,0,81,223375,76149,226,46400,17432,4873
"Trisopterus","genus",NA,NA,"Trisopterus","Trisopterus","Gadidae",0,0,0,0,0,0,0,0,0,0,0,0,0,0,0,0,0,0,0,0,691,0,0,0,0
"Umbrina cirrosa","species","Umbrina cirrosa","Umbrina cirrosa","Umbrina","Umbrina","Sciaenidae",60,0,0,0,0,0,0,0,133,0,0,0,0,0,0,0,0,0,0,0,0,0,0,0,0
"Upeneus","genus",NA,NA,"Upeneus","Upeneus","Mullidae",374,0,0,0,0,0,0,0,0,0,0,0,0,0,0,0,0,0,0,0,0,0,0,0,0
"Upeneus moluccensis","species","Upeneus moluccensis","Upeneus moluccensis","Upeneus","Upeneus","Mullidae",8233,1330,0,0,0,0,0,0,0,0,0,0,0,0,0,0,0,0,0,0,0,0,0,0,0
"Upeneus pori","species","Upeneus pori","Upeneus pori","Upeneus","Upeneus","Mullidae",121,11,179,0,0,0,69,26,0,0,0,0,0,0,0,0,0,0,0,0,0,0,0,0,0
"Uranoscopus","genus",NA,NA,"Uranoscopus","Uranoscopus","Uranoscopidae",0,0,0,0,0,0,0,0,0,0,0,0,0,0,0,0,0,0,0,870,87,0,0,547,0
"Uranoscopus scaber","species","Uranoscopus scaber","Uranoscopus scaber","Uranoscopus","Uranoscopus","Uranoscopidae",0,0,0,0,72,1784,79,245,0,0,0,710,15,0,4403,5669,0,54,784,888,28938,4081,0,9091,0
"Vinciguerria nimbaria","species","Vinciguerria nimbaria","Vinciguerria nimbaria","Vinciguerria","Vinciguerria","Phosichthyidae",0,0,0,0,0,0,0,0,0,0,0,0,0,0,0,218,0,0,0,0,0,0,1327,18,0
"Xiphias gladius","species","Xiphias gladius","Xiphias gladius","Xiphias","Xiphias","Xiphiidae",0,0,0,1417,1406,45,872,0,0,3799,115,0,25,0,0,0,0,0,731,0,0,181,0,12691,0
"Xyrichtys","genus",NA,NA,"Xyrichtys","Xyrichtys","Labridae",0,0,0,0,0,0,0,0,0,0,0,0,0,0,31,0,0,0,0,0,0,0,0,2834,0
"Xyrichtys novacula","species","Xyrichtys novacula","Xyrichtys novacula","Xyrichtys","Xyrichtys","Labridae",0,80,9734,0,652,1524,1995,1873,15,818,0,2257,0,0,3252,0,0,0,0,0,0,0,0,106191,0
"Zebrus zebrus","species","Zebrus zebrus","Zebrus zebrus","Zebrus","Zebrus","Gobiidae",0,0,0,0,98,0,14,71,0,0,0,0,0,1708,3618,0,589,0,75,2703,1104,0,84,7412,0
"Zeus faber","species","Zeus faber","Zeus faber","Zeus","Zeus","Zeidae",0,0,0,0,0,0,0,0,0,0,0,0,0,0,0,0,0,0,0,0,0,0,0,2012,0
"Zosterisessor ophiocephalus","species","Zosterisessor ophiocephalus","Gobius ophiocephalus","Zosterisessor","Gobius","Gobiidae",0,0,0,0,0,0,0,0,0,0,0,0,0,0,0,0,0,0,0,0,0,0,0,0,5
