"class_name","scientific_name"
"Mammalia","Homo"
"Actinopteri","Cyprinidae"
"Actinopteri","Xenocypridinae"
"Actinopteri","Cyprinoidei"
"Mammalia","Homininae"
"Actinopteri","Salmoninae"
"Actinopteri","Catostomidae"
"Actinopteri","Leuciscidae"
"Actinopteri","Oncorhynchus"
"Actinopteri","Sparidae"
"Actinopteri","Siganus"
"Actinopteri","Carassius"
"Actinopteri","Istiophoridae"
"Actinopteri","Thunnus"
"Actinopteri","Symphodus"
"Actinopteri","Scomber"
"Actinopteri","Diplodus"
"Actinopteri","Sardinella"
"Actinopteri","Trachurus"
"Actinopteri","Gobius"
"Chondrichthyes","Torpedo"
"Actinopteri","Engraulis"
"Actinopteri","Ceratoscopelus"
"Actinopteri","Monopterus"
"Actinopteri","Salmo"
"Actinopteri","Parupeneus"
"Actinopteri","Parexocoetus"
"Actinopteri","Auxis"
"Actinopteri","Atherina"
"Actinopteri","Liparis"
"Actinopteri","Dussumieria"
"Actinopteri","Sargocentron"
"Actinopteri","Mullus"
"Actinopteri","Syngnathus"
"Actinopteri","Boops boops"
"Actinopteri","Dicentrarchus labrax"
"Actinopteri","Sparus aurata"
"Actinopteri","Chromis chromis"
"Actinopteri","Sardina pilchardus"
"Actinopteri","Spicara smaris"
"Actinopteri","Spicara maena"
"Actinopteri","Sarpa salpa"
"Actinopteri","Sparisoma cretense"
"Echinoidea","Diadema setosum"
"Actinopteri","Euthynnus alletteratus"
"Actinopteri","Thalassoma pavo"
"Actinopteri","Sciaenidae"
"Actinopteri","Myctophum punctatum"
"Actinopteri","Diplodus vulgaris"
"Actinopteri","Engraulis encrasicolus"
"Actinopteri","Sillago"
"Holothuroidea","Holothuria"
"Actinopteri","Pagrus caeruleostictus"
"Actinopteri","Coris julis"
"Actinopteri","Lithognathus mormyrus"
"Actinopteri","Belone belone"
"Actinopteri","Pterois miles"
"Actinopteri","Xyrichtys novacula"
"Actinopteri","Anthias anthias"
"Actinopteri","Etrumeus"
"Actinopteri","Diplodus annularis"
"Actinopteri","Encrasicholina punctifer"
"Actinopteri","Mola mola"
"Actinopteri","Fistularia commersonii"
"Actinopteri","Symphodus tinca"
"Actinopteri","Atherinomorus forskalii"
"Actinopteri","Scomber colias"
"Actinopteri","Ceratoscopelus maderensis"
"Actinopteri","Parexocoetus mento"
"Actinopteri","Diplodus puntazzo"
"Actinopteri","Oedalechilus labeo"
"Actinopteri","Muraena helena"
"Actinopteri","Pagellus acarne"
"Actinopteri","Exocoetidae"
"Actinopteri","Pempheris vanicolensis"
"Actinopteri","Chelon auratus"
"Actinopteri","Parablennius pilicornis"
"Actinopteri","Mullus barbatus"
"Actinopteri","Siganus luridus"
"Actinopteri","Sphyraena"
"Actinopteri","Epinephelus costae"
"Actinopteri","Clupea"
"Actinopteri","Serranus scriba"
"Actinopteri","Diaphus rafinesquii"
"Actinopteri","Symphodus ocellatus"
"Actinopteri","Xiphias gladius"
"Actinopteri","Upeneus moluccensis"
"Actinopteri","Lagocephalus suezensis"
"Actinopteri","Lagocephalus sceleratus"
"Actinopteri","Apogon imberbis"
"Actinopteri","Katsuwonus pelamis"
"Actinopteri","Repomucenus filamentosus"
"Actinopteri","Parablennius gattorugine"
"Actinopteri","Labrus"
"Actinopteri","Epinephelus marginatus"
"Actinopteri","Spicara"
"Actinopteri","Ostorhinchus fasciatus"
"Actinopteri","Mugil"
"Actinopteri","Scomber scombrus"
"Actinopteri","Sarda sarda"
"Actinopteri","Pagellus erythrinus"
"Actinopteri","Sparus"
"Actinopteri","Parablennius"
"Actinopteri","Uranoscopus scaber"
"Actinopteri","Scorpaena porcus"
"Actinopteri","Centrolophus niger"
"Actinopteri","Chelon ramada"
"Actinopteri","Pseudocaranx dentex"
"Chondrichthyes","Dasyatis marmorata"
"Actinopteri","Ammodytidae"
"Actinopteri","Scorpaena notata"
"Actinopteri","Lobianchia dofleini"
"Actinopteri","Chelon labrosus"
"Actinopteri","Jaydia smithi"
"Actinopteri","Saurida lessepsianus"
"Actinopteri","Congridae"
"Actinopteri","Spondyliosoma cantharus"
"Actinopteri","Diaphus"
"Actinopteri","Nemipterus randalli"
"Actinopteri","Fistularia petimba"
"Actinopteri","Salaria"
"Actinopteri","Cepola macrophthalma"
"Actinopteri","Lipophrys trigloides"
"Actinopteri","Cyclothone braueri"
"Actinopteri","Parablennius sanguinolentus"
"Chondrichthyes","Himantura uarnak"
"Actinopteri","Cheilodipterus novemstriatus"
"Actinopteri","Dicentrarchus"
"Actinopteri","Herklotsichthys punctatus"
"Actinopteri","Scartella cristata"
"Actinopteri","Enchelycore anatina"
"Actinopteri","Sciaena umbra"
"Actinopteri","Equulites klunzingeri"
"Actinopteri","Pagellus"
"Actinopteri","Synodus synodus"
"Actinopteri","Odondebuenia balearica"
"Actinopteri","Euthynnus"
"Actinopteri","Mycteroperca rubra"
"Actinopteri","Mullus surmuletus"
"Actinopteri","Pomatoschistus microps"
"Gastropoda","Dendronotus frondosus"
"Actinopteri","Arnoglossus laterna"
"Actinopteri","Boops"
"Actinopteri","Muraena"
"Actinopteri","Caranx"
"Actinopteri","Buenia affinis"
"Actinopteri","Cyprinella lutrensis"
"Actinopteri","Parablennius incognitus"
"Actinopteri","Pomatomus saltator"
"Actinopteri","Diplodus cervinus"
"Actinopteri","Pomadasys incisus"
"Actinopteri","Chromis"
"Actinopteri","Coris"
"Actinopteri","Serranus cabrilla"
"Actinopteri","Tripterygion melanurum"
"Actinopteri","Odondebuenia"
"Actinopteri","Scomberomorus commerson"
"Actinopteri","Gymnammodytes semisquamatus"
"Actinopteri","Scorpaena scrofa"
"Actinopteri","Myctophum"
"Actinopteri","Gobius niger"
"Actinopteri","Sphoeroides pachygaster"
"Chondrichthyes","Dasyatis pastinaca"
"Actinopteri","Aidablennius"
"Mammalia","Homo sapiens"
"Actinopteri","Ctenolabrus rupestris"
"Actinopteri","Microlipophrys canevae"
"Actinopteri","Tripterygion delaisi"
"Actinopteri","Balistes capriscus"
"Actinopteri","Sardina"
"Actinopteri","Rhinichthys"
"Actinopteri","Lesueurigobius suerii"
"Actinopteri","Lagocephalus"
"Actinopteri","Clinidae"
"Aves","Anas"
"Actinopteri","Triglidae"
"Actinopteri","Uranoscopus"
"Actinopteri","Labridae"
"Actinopteri","Hybognathus amarus"
"Actinopteri","Lithognathus"
"Actinopteri","Salmo salar"
"Actinopteri","Ophidion"
"Actinopteri","Tripterygion"
"Aves","Excalfactoria chinensis"
"Actinopteri","Serranus"
"Actinopteri","Coelorinchus"
"Actinopteri","Pleuronectidae"
"Actinopteri","Sarpa"
"Actinopteri","Lepomis"
"Actinopteri","Salariopsis fluviatilis"
"Actinopteri","Laviniinae"
"Actinopteri","Ariosoma"
"Actinopteri","Aphia minuta"
"Actinopteri","Encrasicholina"
"Actinopteri","Gobius xanthocephalus"
"Actinopteri","Decapterus"
"Actinopteri","Syngnathus acus"
"Chondrichthyes","Torpedo marmorata"
"Actinopteri","Lesueurigobius"
"Actinopteri","Carapus acus"
"Actinopteri","Atherina presbyter"
"Actinopteri","Upeneus pori"
"Actinopteri","Misgurnus anguillicaudatus"
"Actinopteri","Atherina boyeri"
"Chondrichthyes","Mobula"
"Actinopteri","Dentex"
"Actinopteri","Alosa fallax"
"Actinopteri","Alburnus alburnus"
"Actinopteri","Arnoglossus thori"
"Aves","Columba livia"
"Chondrichthyes","Dasyatis tortonesei"
"Actinopteri","Barbinae"
"Actinopteri","Hippocampus guttulatus"
"Actinopteri","Crystallogobius linearis"
"Actinopteri","Esox lucius"
"Actinopteri","Lampanyctus"
"Actinopteri","Anthias"
"Actinopteri","Zebrus zebrus"
"Aves","Gallus"
"Actinopteri","Serranus hepatus"
"Actinopteri","Gobius cruentatus"
"Actinopteri","Seriola dumerili"
"Actinopteri","Lepadogaster"
"Actinopteri","Echelus myrus"
"Actinopteri","Lepadogaster lepadogaster"
"Actinopteri","Coryphaena hippurus"
"Actinopteri","Gobiusculus flavescens"
"Actinopteri","Gobius bucchichi"
"Chondrichthyes","Glaucostegus cemiculus"
"Actinopteri","Myctophidae"
"Actinopteri","Umbrina cirrosa"
"Actinopteri","Alepes djedaba"
"Actinopteri","Dicentrarchus punctatus"
"Actinopteri","Rhinichthys osculus"
"Actinopteri","Pseudaphya ferreri"
"Actinopteri","Scorpaena"
"Actinopteri","Thalassoma"
"Actinopteri","Synodus saurus"
"Actinopteri","Pterois"
"Actinopteri","Millerigobius macrocephalus"
"Actinopteri","Lebetus guilleti"
"Actinopteri","Diaphus holti"
"Actinopteri","Chelon"
"Actinopteri","Lepidotrigla"
"Actinopteri","Crystallogobius"
"Actinopteri","Tripterygion tripteronotum"
"Actinopteri","Pseudochondrostoma duriense"
"Actinopteri","Cyclothone"
"Actinopteri","Epinephelus"
"Actinopteri","Trachinotus ovatus"
"Actinopteri","Raniceps raninus"
"Chondrichthyes","Aetomylaeus bovinus"
"Actinopteri","Epinephelus aeneus"
"Actinopteri","Lesueurigobius sanzi"
"Actinopteri","Millerigobius"
"Actinopteri","Microlipophrys"
"Actinopteri","Notoscopelus elongatus kroyeri"
"Actinopteri","Fistularia"
"Actinopteri","Synchiropus"
"Actinopteri","Lepadogaster candolii"
"Actinopteri","Cheilodipterus"
"Actinopteri","Micromesistius poutassou"
"Actinopteri","Gonichthys cocco"
"Aves","Sturnidae"
"Chondrichthyes","Rhinobatos rhinobatos"
"Actinopteri","Sphyraena viridensis"
"Actinopteri","Mola"
"Actinopteri","Cobitinae"
"Actinopteri","Arnoglossus"
"Actinopteri","Hazeus"
"Actinopteri","Solea senegalensis"
"Actinopteri","Repomucenus"
"Actinopteri","Trachinus araneus"
"Actinopteri","Naucrates ductor"
"Actinopteri","Belone"
"Actinopteri","Gymnocanthus"
"Actinopteri","Leuciscinae"
"Chondrichthyes","Pteroplatytrygon violacea"
"Actinopteri","Argentina silus"
"Actinopteri","Channa"
"Actinopteri","Solea solea"
"Actinopteri","Pomatoschistus minutus"
"Chondrichthyes","Hexanchus griseus"
"Actinopteri","Chlorophthalmus agassizi"
"Actinopteri","Spondyliosoma"
"Actinopteri","Macroramphosus scolopax"
"Actinopteri","Arnoglossus imperialis"
"Chondrichthyes","Raja microocellata"
"Actinopteri","Ophisurus serpens"
"Actinopteri","Cynoscion regalis"
"Actinopteri","Stomias boa"
"Actinopteri","Gobius paganellus"
"Actinopteri","Capros aper"
"Actinopteri","Trisopterus luscus"
"Actinopteri","Trichiurus"
"Chondrichthyes","Myliobatis aquila"
"Actinopteri","Gaidropsarus mediterraneus"
"Actinopteri","Belonidae"
"Actinopteri","Ctenogobius boleosoma"
"Aves","Pyrrhura"
"Chondrichthyes","Bathytoshia"
"Actinopteri","Trichiurus lepturus"
"Chondrichthyes","Carcharhinus"
"Amphibia","Aquarana catesbeiana"
"Actinopteri","Entelurus aequoreus"
"Actinopteri","Gobio lozanoi"
"Actinopteri","Lampanyctus pusillus"
"Actinopteri","Trachinus draco"
"Actinopteri","Gobius geniporus"
"Actinopteri","Cheilopogon pinnatibarbatus"
"Actinopteri","Vanneaugobius"
"Chondrichthyes","Raja"
"Actinopteri","Chromogobius"
"Actinopteri","Pegusa"
"Actinopteri","Gambusia holbrooki"
"Actinopteri","Tachysurus"
"Actinopteri","Diaphus metopoclampus"
"Actinopteri","Anguilla"
"Actinopteri","Lipophrys"
"Actinopteri","Blennius ocellaris"
"Actinopteri","Callionymus maculatus"
"Actinopteri","Pegusa bleekeri"
"Actinopteri","Lateolabrax"
"Actinopteri","Micromesistius"
"Actinopteri","Stephanolepis"
"Actinopteri","Zeus"
"Actinopteri","Ciliata mustela"
"Chondrichthyes","Gymnura altavela"
"Actinopteri","Ophichthus rufus"
"Actinopteri","Deltentosteus"
"Actinopteri","Buenia"
"Actinopteri","Oedalechilus"
"Actinopteri","Callionymus"
"Malacostraca","Gyge ovalis"
"Actinopteri","Bothus"
"Actinopteri","Bothus podas"
"Aves","Morus"
"Actinopteri","Lophius"
"Actinopteri","Hippocampus"
"Actinopteri","Gymnocanthus tricuspis"
"Actinopteri","Deltentosteus quadrimaculatus"
"Actinopteri","Cyclopterus lumpus"
"Actinopteri","Cottidae"
"Actinopteri","Deltentosteus collonianus"
"Actinopteri","Notoscopelus"
"Actinopteri","Gymnammodytes"
"Actinopteri","Gymnammodytes cicerelus"
"Actinopteri","Gobius gasteveni"
"Actinopteri","Umbrina"
"Actinopteri","Umbrina canariensis"
"Actinopteri","Sciaena"
"Actinopteri","Taurulus"
"Actinopteri","Taurulus bubalis"
"Actinopteri","Merluccius"
"Actinopteri","Merluccius merluccius"
"Actinopteri","Mycteroperca"
"Actinopteri","Pomatoschistus minutus complex"
"Actinopteri","Aphia"
"Actinopteri","Opisthonema oglinum"
"Actinopteri","Alosa"
"Actinopteri","Sardinella longiceps"
"Actinopteri","Synodus"
"Actinopteri","Gammogobius steinitzi"
"Actinopteri","Gammogobius"
"Actinopteri","Leptoscarus vaigiensis"
"Actinopteri","Salariopsis"
"Actinopteri","Sparisoma"
"Actinopteri","Cepola"
"Actinopteri","Epigonus"
"Actinopteri","Lepidopsetta bilineata"
"Actinopteri","Trachinus"
"Actinopteri","Spinachia spinachia"
"Actinopteri","Gasterosteus"
"Actinopteri","Sander"
"Actinopteri","Perca"
"Actinopteri","Perca fluviatilis"
"Actinopteri","Pholis"
"Actinopteri","Gymnocephalus"
"Actinopteri","Parablennius rouxi"
"Actinopteri","Pomatoschistus"
"Actinopteri","Gobiusculus"
"Actinopteri","Blennius"
"Actinopteri","Lophius piscatorius"
"Actinopteri","Lophius budegassa"
"Actinopteri","Scophthalmus rhombus"
"Actinopteri","Zeugopterus punctatus"
"Actinopteri","Epigonus constanciae"
"Actinopteri","Chelidonichthys cuculus"
"Actinopteri","Microstomus"
"Actinopteri","Helicolenus"
"Actinopteri","Sarda"
"Actinopteri","Auxis rochei"
"Actinopteri","Balistes"
"Actinopteri","Apogon"
"Actinopteri","Ctenolabrus"
"Actinopteri","Arctozenus"
"Actinopteri","Pseudaphya"
"Actinopteri","Speleogobius trigloides"
"Actinopteri","Speleogobius"
"Actinopteri","Lebetus"
"Actinopteri","Pomatoschistus lozanoi"
"Actinopteri","Apogon pacificus"
"Actinopteri","Stomias"
"Actinopteri","Gambusia"
"Actinopteri","Salvelinus"
"Actinopteri","Hippocampus hippocampus"
"Actinopteri","Sprattus"
"Actinopteri","Clupeinae"
"Actinopteri","Sprattus sprattus"
"Actinopteri","Prochilodus"
"Actinopteri","Hoplias malabaricus"
"Actinopteri","Siluridae"
"Actinopteri","Maurolicus"
"Actinopteri","Corcyrogobius liechtensteini"
"Actinopteri","Corcyrogobius"
"Actinopteri","Dactylopterus volitans"
"Actinopteri","Labrus mixtus"
"Actinopteri","Diplodus noct"
"Actinopteri","Lepidopus caudatus"
"Actinopteri","Citharus linguatula"
"Actinopteri","Carapus"
"Actinopteri","Aulopus filamentosus"
"Actinopteri","Xyrichtys"
"Actinopteri","Diplodus holbrookii"
"Actinopteri","Capros"
"Actinopteri","Xiphias"
"Actinopteri","Lepidorhombus boscii"
"Actinopteri","Scophthalmus maximus"
"Actinopteri","Lepidorhombus whiffiagonis"
"Actinopteri","Lepidorhombus"
"Actinopteri","Symbolophorus veranyi"
"Actinopteri","Symbolophorus"
"Actinopteri","Argentina sphyraena"
"Actinopteri","Symphodus bailloni"
"Actinopteri","Lesueurigobius friesii"
"Actinopteri","Zosterisessor ophiocephalus"
"Actinopteri","Zebrus"
"Actinopteri","Callionymus lyra"
"Actinopteri","Barbus"
"Actinopteri","Barbus barbus"
"Actinopteri","Syngnathus rostellatus"
"Actinopteri","Megalechis"
"Actinopteri","Vinciguerria nimbaria"
"Actinopteri","Vinciguerria"
"Actinopteri","Zungaro zungaro"
"Actinopteri","Silurus glanis"
"Actinopteri","Nerophis maculatus"
"Actinopteri","Nerophis"
"Actinopteri","Solea"
"Actinopteri","Tinca tinca"
"Actinopteri","Pseudorasbora"
"Actinopteri","Pseudorasbora parva"
"Actinopteri","Scardinius erythrophthalmus"
"Actinopteri","Abramis brama"
"Actinopteri","Squalius"
"Actinopteri","Rhodeus amarus"
"Actinopteri","Rutilus rutilus"
"Actinopteri","Gobio"
"Actinopteri","Barbatula"
"Actinopteri","Barbatula quignardi"
"Actinopteri","Barbatula barbatula"
"Actinopteri","Zeus faber"
"Actinopteri","Entelurus"
"Actinopteri","Krobia guianensis"
"Chondrichthyes","Alopias vulpinus"
"Chondrichthyes","Lamna nasus"
"Chondrichthyes","Lamna"
"Chondrichthyes","Mustelus"
"Chondrichthyes","Mustelus mustelus"
"Aves","Apus"
"Chondrichthyes","Prionace glauca"
"Holothuroidea","Holothuria forskali"
"Chondrichthyes","Squalus acanthias"
"Chondrichthyes","Leucoraja naevus"
"Chondrichthyes","Leucoraja fullonica"
"Chondrichthyes","Rostroraja alba"
"Chondrichthyes","Raja brachyura"
"Chondrichthyes","Raja montagui"
"Chondrichthyes","Raja undulata"
"Chondrichthyes","Squatina squatina"
"Chondrichthyes","Scyliorhinus"
"Chondrichthyes","Scyliorhinus stellaris"
"Chondrichthyes","Scyliorhinus canicula"
"Amphibia","Pelodytes punctatus"
"Aves","Sterna"
"Aves","Anatinae"
"Aves","Uria"
"Aves","Meleagris gallopavo"
"Aves","Actitis hypoleucos"
"Aves","Larus marinus"
"Aves","Larus"
"Aves","Columba palumbus"
"Chondrichthyes","Dasyatis"
"Chondrichthyes","Dasyatidae"
"Chondrichthyes","Aetomylaeus"
"Actinopteri","Anguilla anguilla"
"Chondrichthyes","Myliobatis"
"Actinopteri","Nemichthys scolopaceus"
"Actinopteri","Echelus"
"Actinopteri","Dalophis imberbis"
"Actinopteri","Ophisurus"
"Polychaeta","Hesionidae"
"Bivalvia","Catillopecten margaritatus"
"Sipuncula","Sipunculus nudus"
"Holothuroidea","Stichopodidae"
"Gastropoda","Calliostoma zizyphinum"
"Gastropoda","Trochidae"
"Insecta","Perlodini"
"Malacostraca","Parasergestes vigilax"
"Actinopteri","Gadoidei"
"Actinopteri","Echiichthys vipera"
"Actinopteri","Gadidae"
"Actinopteri","Molva molva"
"Actinopteri","Molva"
"Actinopteri","Eleginus gracilis"
"Actinopteri","Gadus"
"Actinopteri","Molva dypterygia"
"Actinopteri","Raniceps"
"Actinopteri","Ciliata"
"Actinopteri","Gadiculus"
"Actinopteri","Argyropelecus hemigymnus"
"Actinopteri","Trachinus radiatus"
"Actinopteri","Cirripectes"
"Actinopteri","Beryx decadactylus"
"Actinopteri","Mallotus"
"Actinopteri","Buglossidium"
"Actinopteri","Buglossidium luteum"
"Actinopteri","Soleidae"
"Actinopteri","Dicologlossa cuneata"
"Actinopteri","Astronotus ocellatus"
"Actinopteri","Ophidion rochei"
"Actinopteri","Trisopterus"
"Actinopteri","Pegusa lascaris"
"Actinopteri","Phoxinus"
"Actinopteri","Phoxinus septimaniae"
"Actinopteri","Phoxinus bigerri"
"Actinopteri","Salaria pavo"
"Amphibia","Bufo bufo"
"Amphibia","Lissotriton vulgaris"
"Amphibia","Discoglossus montalentii"
"Amphibia","Triturus cristatus"
"Amphibia","Rana temporaria"
"Aves","Ardea cinerea"
"Amphibia","Ichthyosaura alpestris"
"Amphibia","Rana dalmatina"
"Amphibia","Pelophylax"
"Amphibia","Pelophylax ridibundus"
"Aves","Meleagris"
"Chondrichthyes","Pteroplatytrygon"
"Insecta","Pariaconus"
