Source,Filter_ID,PCR_ID,Ecoregion,Country,Site_names,Common_MPA,MPA_Identi,Transect_ID,decimalLatitude,decimalLongitude,decimalLatitude_end,decimalLongitude_end,start_time,Date_Collection,Zone,Method,duration,filtr,vlm_f,EVE,EVS,Region,Projet
ACTNOW,DAR-2024-0281,IS01,Levantine Sea,Israel,ma_il_evtah_2024_NTZ,Yam Evtah,10001,10001.1,31.72887,34.54945,31.73925,34.55917,11:00:00,11/09/2024,NTZ,surface_boat_transect,30,0.45,30,EVE2223,EVS1744,Med,ACTNOW
ACTNOW,DAR-2024-0282,IS02,Levantine Sea,Israel,ma_il_evtah_2024_NTZ,Yam Evtah,10001,10001.1,31.72887,34.54945,31.73925,34.55917,11:00:00,11/09/2024,NTZ,surface_boat_transect,30,0.45,30,EVE2224,EVS1745,Med,ACTNOW
ACTNOW,DAR-2024-0283,IS03,Levantine Sea,Israel,ma_il_evtah_2024_Buffer,Yam Evtah,10001,10001.2,31.81758,34.6073,31.81893,34.60648,12:30:00,11/09/2024,Buffer,surface_boat_transect,30,0.45,30,EVE2225,EVS1746,Med,ACTNOW
ACTNOW,DAR-2024-0284,IS04,Levantine Sea,Israel,ma_il_evtah_2024_Buffer,Yam Evtah,10001,10001.2,31.81758,34.6073,31.81893,34.60648,12:30:00,11/09/2024,Buffer,surface_boat_transect,30,0.45,30,EVE2226,EVS1747,Med,ACTNOW
ACTNOW,DAR-2024-0285,IS05,Levantine Sea,Israel,ma_il_evtah_2024_Outside,Yam Evtah,10001,10001.3,31.85565,34.62857,31.85848,34.62702,13:30:00,11/09/2024,Outside,surface_boat_transect,30,0.45,30,EVE2227,EVS1748,Med,ACTNOW
ACTNOW,DAR-2024-0286,IS06,Levantine Sea,Israel,ma_il_evtah_2024_Outside,Yam Evtah,10001,10001.3,31.85565,34.62857,31.85848,34.62702,13:30:00,11/09/2024,Outside,surface_boat_transect,30,0.45,30,EVE2228,EVS1749,Med,ACTNOW
ACTNOW,DAR-2023-0914,CY01,Levantine Sea,Cyprus,ma_cy_limass_2023_NTZ,Amathounta,20001,20001.1,34.69988789,33.14713723,34.6986286,33.13717819,11:06:00,30/10/2023,NTZ,surface_boat_transect,45,0.45,43.9,EVE2369,EVS638,Med,ACTNOW
ACTNOW,DAR-2023-0904,CY02,Levantine Sea,Cyprus,ma_cy_limass_2023_NTZ,Amathounta,20001,20001.1,34.69988789,33.14713723,34.6986286,33.13717819,11:06:00,30/10/2023,NTZ,surface_boat_transect,45,0.45,47.3,EVE2370,EVS639,Med,ACTNOW
ACTNOW,DAR-2023-0909,CY03,Levantine Sea,Cyprus,ma_cy_limass_2023_Outside,Amathounta,20001,20001.3,34.70088366,33.2730133,34.69963979,33.26151777,12:59:00,30/10/2023,Outside,surface_boat_transect,45,0.45,33.8,EVE2371,EVS640,Med,ACTNOW
ACTNOW,DAR-2023-0912,CY04,Levantine Sea,Cyprus,ma_cy_limass_2023_Outside,Amathounta,20001,20001.3,34.70088366,33.2730133,34.69963979,33.26151777,12:59:00,30/10/2023,Outside,surface_boat_transect,45,0.45,36,EVE2372,EVS641,Med,ACTNOW
ACTNOW,DAR-2023-0911,CY05,Levantine Sea,Cyprus,ma_cy_limass_2023_Buffer,Amathounta,20001,20001.2,34.6986384,33.21887316,34.69871703,33.2115136,14:22:00,30/10/2023,Buffer,surface_boat_transect,45,0.45,39.4,EVE2367,EVS642,Med,ACTNOW
ACTNOW,DAR-2023-0910,CY06,Levantine Sea,Cyprus,ma_cy_limass_2023_Buffer,Amathounta,20001,20001.2,34.6986384,33.21887316,34.69871703,33.2115136,14:22:00,30/10/2023,Buffer,surface_boat_transect,45,0.45,40.5,EVE2368,EVS643,Med,ACTNOW
ACTNOW,DAR-2023-0913,CY08,Levantine Sea,Cyprus,ma_cy_capogr_2023_NTZ,Capo Greco,20002,20002.1,34.96577804,34.08923389,34.95318633,34.0840206,10:58:00,31/10/2023,NTZ,surface_boat_transect,45,0.45,41.6,EVE2386,EVS644,Med,ACTNOW
ACTNOW,DAR-2023-0901,CY09,Levantine Sea,Cyprus,ma_cy_capogr_2023_NTZ,Capo Greco,20002,20002.1,34.96577804,34.08923389,34.95318633,34.0840206,10:58:00,31/10/2023,NTZ,surface_boat_transect,45,0.45,42.8,EVE2382,EVS645,Med,ACTNOW
ACTNOW,DAR-2023-0908,CY10,Levantine Sea,Cyprus,ma_cy_capogr_2023_Buffer,Capo Greco,20002,20002.2,34.96604081,34.02550679,34.96751209,34.00613269,12:25:00,31/10/2023,Buffer,surface_boat_transect,45,0.45,40.5,EVE2385,EVS646,Med,ACTNOW
ACTNOW,DAR-2023-0917,CY11,Levantine Sea,Cyprus,ma_cy_capogr_2023_Buffer,Capo Greco,20002,20002.2,34.96604081,34.02550679,34.96751209,34.00613269,12:25:00,31/10/2023,Buffer,surface_boat_transect,45,0.45,42.8,EVE2387,EVS647,Med,ACTNOW
ACTNOW,DAR-2023-0907,CY12,Levantine Sea,Cyprus,ma_cy_capogr_2023_Outside,Capo Greco,20002,20002.3,34.97313894,33.97103749,34.97101388,33.95086653,13:44:00,31/10/2023,Outside,surface_boat_transect,45,0.45,45,EVE2384,EVS648,Med,ACTNOW
ACTNOW,DAR-2023-0906,CY13,Levantine Sea,Cyprus,ma_cy_capogr_2023_Outside,Capo Greco,20002,20002.3,34.97313894,33.97103749,34.97101388,33.95086653,13:44:00,31/10/2023,Outside,surface_boat_transect,45,0.45,34.9,EVE2383,EVS649,Med,ACTNOW
ACTNOW,DAR-2023-0916,CY15,Levantine Sea,Cyprus,ma_cy_akamas_2023_Buffer,Kakoskali,20003,20003.2,35.11517591,32.2965458,35.11616061,32.27507598,12:12:00,01/11/2023,Buffer,surface_boat_transect,45,0.45,47.3,EVE2378,EVS650,Med,ACTNOW
ACTNOW,DAR-2023-0903,CY16,Levantine Sea,Cyprus,ma_cy_akamas_2023_Buffer,Kakoskali,20003,20003.2,35.11517591,32.2965458,35.11616061,32.27507598,12:12:00,01/11/2023,Buffer,surface_boat_transect,45,0.45,45,EVE2375,EVS651,Med,ACTNOW
ACTNOW,DAR-2023-0915,CY17,Levantine Sea,Cyprus,ma_cy_akamas_2023_Outside,Kakoskali,20003,20003.3,35.074866,32.26169611,35.06222676,32.26208788,13:36:00,01/11/2023,Outside,surface_boat_transect,45,0.45,40.5,EVE2377,EVS652,Med,ACTNOW
ACTNOW,DAR-2023-0918,CY18,Levantine Sea,Cyprus,ma_cy_akamas_2023_Outside,Kakoskali,20003,20003.3,35.074866,32.26169611,35.06222676,32.26208788,13:36:00,01/11/2023,Outside,surface_boat_transect,45,0.45,45,EVE2379,EVS653,Med,ACTNOW
ACTNOW,DAR-2023-0902,CY19,Levantine Sea,Cyprus,ma_cy_akamas_2023_NTZ,Kakoskali,20003,20003.1,35.07528266,32.32640566,35.07043943,32.33471238,15:15:00,01/11/2023,NTZ,surface_boat_transect,45,0.45,45,EVE2374,EVS654,Med,ACTNOW
ACTNOW,DAR-2023-0905,CY20,Levantine Sea,Cyprus,ma_cy_akamas_2023_NTZ,Kakoskali,20003,20003.1,35.07528266,32.32640566,35.07043943,32.33471238,15:15:00,01/11/2023,NTZ,surface_boat_transect,45,0.45,42.8,EVE2376,EVS655,Med,ACTNOW
ACTNOW,DAR-2024-0324,GR08,Aegean Sea,Greece,ma_gr_karpat_2024_Outside,Voreia Karpathos,30001,30001.3,35.57982537,27.18790113,35.57555496,27.20180252,15:05:00,17/06/2024,Outside,surface_boat_transect,30,0.45,30,EVE2332,EVS1196,Med,ACTNOW
ACTNOW,DAR-2024-0325,GR09,Aegean Sea,Greece,ma_gr_karpat_2024_Outside,Voreia Karpathos,30001,30001.3,35.57982537,27.18790113,35.57555496,27.20180252,15:05:00,17/06/2024,Outside,surface_boat_transect,30,0.45,30,EVE2333,EVS1197,Med,ACTNOW
ACTNOW,DAR-2024-0321,GR10,Aegean Sea,Greece,ma_gr_karpat_2024_NTZ,Voreia Karpathos,30001,30001.1,35.71809869,27.2042155,35.70673644,27.20082309,11:36:00,17/06/2024,NTZ,surface_boat_transect,30,0.45,30,EVE2329,EVS1198,Med,ACTNOW
ACTNOW,DAR-2024-0320,GR11,Aegean Sea,Greece,ma_gr_karpat_2024_NTZ,Voreia Karpathos,30001,30001.1,35.71809869,27.2042155,35.70673644,27.20082309,11:36:00,17/06/2024,NTZ,surface_boat_transect,30,0.45,30,EVE2328,EVS1199,Med,ACTNOW
ACTNOW,DAR-2024-0323,GR12,Aegean Sea,Greece,ma_gr_karpat_2024_Buffer,Voreia Karpathos,30001,30001.2,35.62115016,27.15829658,35.61605749,27.15376189,13:08:00,17/06/2024,Buffer,surface_boat_transect,30,0.45,30,EVE2331,EVS1200,Med,ACTNOW
ACTNOW,DAR-2024-0322,GR13,Aegean Sea,Greece,ma_gr_karpat_2024_Buffer,Voreia Karpathos,30001,30001.2,35.62115016,27.15829658,35.61605749,27.15376189,13:08:00,17/06/2024,Buffer,surface_boat_transect,30,0.45,15,EVE2330,EVS1201,Med,ACTNOW
ACTNOW,DAR-2024-0344,GR01,Aegean Sea,Greece,ma_gr_gyaros_2024_Outside,Gyaros,30002,30002.3,37.49747959,24.87849159,37.47584112,24.88187595,11:37:00,12/06/2024,Outside,surface_boat_transect,30,0.45,30,EVE2322,EVS1190,Med,ACTNOW
ACTNOW,DAR-2024-0345,GR02,Aegean Sea,Greece,ma_gr_gyaros_2024_Outside,Gyaros,30002,30002.3,37.49747959,24.87849159,37.47584112,24.88187595,11:37:00,12/06/2024,Outside,surface_boat_transect,30,0.45,15,EVE2323,EVS1191,Med,ACTNOW
ACTNOW,DAR-2024-0347,GR03,Aegean Sea,Greece,ma_gr_gyaros_2024_Buffer,Gyaros,30002,30002.2,37.5356139,24.85290089,37.51911839,24.87319842,10:14:00,12/06/2024,Buffer,surface_boat_transect,30,0.45,33,EVE2325,EVS1192,Med,ACTNOW
ACTNOW,DAR-2024-0346,GR04,Aegean Sea,Greece,ma_gr_gyaros_2024_Buffer,Gyaros,30002,30002.2,37.5356139,24.85290089,37.51911839,24.87319842,10:14:00,12/06/2024,Buffer,surface_boat_transect,30,0.45,33,EVE2324,EVS1193,Med,ACTNOW
ACTNOW,DAR-2024-0349,GR05,Aegean Sea,Greece,ma_gr_gyaros_2024_NTZ,Gyaros,30002,30002.1,37.59275953,24.74756643,37.58335495,24.74986592,09:02:00,12/06/2024,NTZ,surface_boat_transect,30,0.45,30,EVE2327,EVS1194,Med,ACTNOW
ACTNOW,DAR-2024-0348,GR06,Aegean Sea,Greece,ma_gr_gyaros_2024_NTZ,Gyaros,30002,30002.1,37.59275953,24.74756643,37.58335495,24.74986592,09:02:00,12/06/2024,NTZ,surface_boat_transect,30,0.45,30,EVE2326,EVS1195,Med,ACTNOW
ACTNOW,DAR-2023-0920,MA08,Ionian Sea,Malta,ma_mt_amarre_2023_NTZ,MT0000105,40001,40001.1,35.95074738,14.48405219,35.9300468,14.50505668,12:35:00,12/09/2023,NTZ,surface_boat_transect,60,0.45,45,EVE2377,EVS652,Med,ACTNOW
ACTNOW,DAR-2023-0921,MA09,Ionian Sea,Malta,ma_mt_amarre_2023_NTZ,MT0000105,40001,40001.1,35.95074738,14.48405219,35.9300468,14.50505668,12:35:00,12/09/2023,NTZ,surface_boat_transect,60,0.45,44,EVE2379,EVS653,Med,ACTNOW
ACTNOW,DAR-2023-0924,MA10,Ionian Sea,Malta,ma_mt_amarre_2023_Buffer,MT0000105,40001,40001.2,35.8993786,14.54416858,35.88184043,14.56926775,11:00:00,12/09/2023,Buffer,surface_boat_transect,60,0.45,44,EVE2402,EVS503,Med,ACTNOW
ACTNOW,DAR-2023-0925,MA11,Ionian Sea,Malta,ma_mt_amarre_2023_Buffer,MT0000105,40001,40001.2,35.8993786,14.54416858,35.88184043,14.56926775,11:00:00,12/09/2023,Buffer,surface_boat_transect,60,0.45,54,EVE2403,EVS504,Med,ACTNOW
ACTNOW,DAR-2023-0922,MA12,Ionian Sea,Malta,ma_mt_amarre_2023_Outside,MT0000105,40001,40001.3,35.86595787,14.58105866,35.82801494,14.57281532,09:13:00,12/09/2023,Outside,surface_boat_transect,75,0.45,27.1,EVE2374,EVS654,Med,ACTNOW
ACTNOW,DAR-2023-0923,MA13,Ionian Sea,Malta,ma_mt_amarre_2023_Outside,MT0000105,40001,40001.3,35.86595787,14.58105866,35.82801494,14.57281532,09:13:00,12/09/2023,Outside,surface_boat_transect,75,0.45,59.6,EVE2376,EVS655,Med,ACTNOW
ACTNOW,DAR-2023-0965,MA01,Ionian Sea,Malta,ma_mt_amarre_2023_NTZ,MT0000102,40002,40002.1,36.00353229,14.35984156,35.99271499,14.32520628,09:43:00,11/09/2023,NTZ,surface_boat_transect,60,0.45,21,EVE2335,EVS495,Med,ACTNOW
ACTNOW,DAR-2023-0966,MA02,Ionian Sea,Malta,ma_mt_amarre_2023_NTZ,MT0000102,40002,40002.1,36.00353229,14.35984156,35.99271499,14.32520628,09:43:00,11/09/2023,NTZ,surface_boat_transect,60,0.45,36,EVE2336,EVS496,Med,ACTNOW
ACTNOW,DAR-2023-0964,MA03,Ionian Sea,Malta,ma_mt_amarre_2023_Buffer,MT0000102,40002,40002.2,35.94619457,14.32890704,35.91881272,14.32553423,11:34:00,11/09/2023,Buffer,surface_boat_transect,60,0.45,14.4,EVE2337,EVS497,Med,ACTNOW
ACTNOW,DAR-2023-0963,MA04,Ionian Sea,Malta,ma_mt_amarre_2023_Buffer,MT0000102,40002,40002.2,35.94619457,14.32890704,35.91881272,14.32553423,11:34:00,11/09/2023,Buffer,surface_boat_transect,60,0.45,52.6,EVE2338,EVS498,Med,ACTNOW
ACTNOW,DAR-2023-0962,MA05,Ionian Sea,Malta,ma_mt_amarre_2023_Outside,MT0000102,40002,40002.3,35.90112147,14.32936282,35.87552583,14.33970989,12:58:00,11/09/2023,Outside,surface_boat_transect,60,0.45,49,EVE2339,EVS499,Med,ACTNOW
ACTNOW,DAR-2023-0961,MA06,Ionian Sea,Malta,ma_mt_amarre_2023_Outside,MT0000102,40002,40002.3,35.90112147,14.32936282,35.87552583,14.33970989,12:58:00,11/09/2023,Outside,surface_boat_transect,60,0.45,61,EVE2341,EVS500,Med,ACTNOW
ACTNOW,DAR-2023-0948,SP13,Alboran Sea,Spain,ma_es_macego_2023_NTZ,Maro-Cerro Gordo,50001,50001.1,36.74152949,-3.819076717,36.74413349,-3.832148379,11:31:00,30/11/2023,NTZ,surface_boat_transect,30,0.45,28.5,EVE2361,EVS764,Med,ACTNOW
ACTNOW,DAR-2023-0956,SP14,Alboran Sea,Spain,ma_es_macego_2023_NTZ,Maro-Cerro Gordo,50001,50001.1,36.74410013,-3.831795249,36.74008101,-3.820856698,12:03:00,30/11/2023,NTZ,surface_boat_transect,30,0.45,24.8,EVE2365,EVS765,Med,ACTNOW
ACTNOW,DAR-2023-0957,SP15,Alboran Sea,Spain,ma_es_macego_2023_Buffer,Maro-Cerro Gordo,50001,50001.2,36.72895605,-3.893620335,36.72509903,-3.903820943,12:59:00,30/11/2023,Buffer,surface_boat_transect,30,0.45,31.5,EVE2362,EVS766,Med,ACTNOW
ACTNOW,DAR-2023-0942,SP16,Alboran Sea,Spain,ma_es_macego_2023_Buffer,Maro-Cerro Gordo,50001,50001.2,36.7253266,-3.901043348,36.73131388,-3.879747698,13:33:00,30/11/2023,Buffer,surface_boat_transect,30,0.45,28.5,EVE2360,EVS767,Med,ACTNOW
ACTNOW,DAR-2023-0947,SP17,Alboran Sea,Spain,ma_es_macego_2023_Outside,Maro-Cerro Gordo,50001,50001.3,36.71509783,-3.946888922,36.71551575,-3.96396772,14:28:00,30/11/2023,Outside,surface_boat_transect,30,0.45,33,EVE2363,EVS768,Med,ACTNOW
ACTNOW,DAR-2023-0951,SP19,Alboran Sea,Spain,ma_es_macego_2023_Outside,Maro-Cerro Gordo,50001,50001.3,36.71554659,-3.961083591,36.71680212,-3.940388085,15:03:00,30/11/2023,Outside,surface_boat_transect,30,0.45,33,"EVE2364, EVE2346",EVS769,Med,ACTNOW
ACTNOW,DAR-2023-0958,SP07,Alboran Sea,Spain,ma_es_caboga_2023_Outside,Cabo de Gata-Nijar,50002,50002.3,37.03722577,-1.858357033,37.04744666,-1.852169763,10:02:00,29/11/2023,Outside,surface_boat_transect,30,0.45,28.5,EVE2350,EVS758,Med,ACTNOW
ACTNOW,DAR-2023-0950,SP08,Alboran Sea,Spain,ma_es_caboga_2023_Outside,Cabo de Gata-Nijar,50002,50002.3,37.03722577,-1.858357033,37.04744666,-1.852169763,10:02:00,29/11/2023,Outside,surface_boat_transect,30,0.45,29.3,EVE2345,EVS759,Med,ACTNOW
ACTNOW,DAR-2023-0955,SP09,Alboran Sea,Spain,ma_es_caboga_2023_Buffer,Cabo de Gata-Nijar,50002,50002.2,37.00936222,-1.869668579,36.99448577,-1.879462078,11:03:00,29/11/2023,Buffer,surface_boat_transect,30,0.45,27.8,EVE2349,EVS760,Med,ACTNOW
ACTNOW,DAR-2023-0943,SP10,Alboran Sea,Spain,ma_es_caboga_2023_Buffer,Cabo de Gata-Nijar,50002,50002.2,37.00936222,-1.869668579,36.99448577,-1.879462078,11:03:00,29/11/2023,Buffer,surface_boat_transect,30,0.45,21.8,EVE2344,EVS761,Med,ACTNOW
ACTNOW,DAR-2023-0953,SP11,Alboran Sea,Spain,ma_es_caboga_2023_NTZ,Cabo de Gata-Nijar,50002,50002.1,36.94391205,-1.889560595,36.9363654,-1.89760102,12:17:00,29/11/2023,NTZ,surface_boat_transect,30,0.45,27,EVE2347,EVS762,Med,ACTNOW
ACTNOW,DAR-2023-0954,SP12,Alboran Sea,Spain,ma_es_caboga_2023_NTZ,Cabo de Gata-Nijar,50002,50002.1,36.94391205,-1.889560595,36.9363654,-1.89760102,12:17:00,29/11/2023,NTZ,surface_boat_transect,30,0.45,33,EVE2348,EVS763,Med,ACTNOW
ACTNOW,DAR-2023-0946,SP01,Western Mediterranean,Spain,ma_es_cabopa_2023_NTZ,Cabo de Palos-Islas Hormigas,50003,50003.1,37.64877386,-0.648945468,37.65664556,-0.649964036,12:35:00,28/11/2023,NTZ,surface_boat_transect,45,0.45,45,EVE2357,EVS752,Med,ACTNOW
ACTNOW,DAR-2023-0945,SP02,Western Mediterranean,Spain,ma_es_cabopa_2023_NTZ,Cabo de Palos-Islas Hormigas,50003,50003.1,37.64877386,-0.648945468,37.65664556,-0.649964036,12:35:00,28/11/2023,NTZ,surface_boat_transect,45,0.45,45,EVE2354,EVS753,Med,ACTNOW
ACTNOW,DAR-2023-0959,SP03,Western Mediterranean,Spain,ma_es_cabopa_2023_Buffer,Cabo de Palos-Islas Hormigas,50003,50003.2,37.6670724,-0.710753286,37.68020147,-0.71013269,14:11:00,28/11/2023,Buffer,surface_boat_transect,30,0.45,27.8,EVE2352,EVS754,Med,ACTNOW
ACTNOW,DAR-2023-0952,SP04,Western Mediterranean,Spain,ma_es_cabopa_2023_Buffer,Cabo de Palos-Islas Hormigas,50003,50003.2,37.6670724,-0.710753286,37.68020147,-0.71013269,14:11:00,28/11/2023,Buffer,surface_boat_transect,30,0.45,27.8,EVE2355,EVS755,Med,ACTNOW
ACTNOW,DAR-2023-0960,SP05,Western Mediterranean,Spain,ma_es_cabopa_2023_Outside,Cabo de Palos-Islas Hormigas,50003,50003.3,37.73892945,-0.705704447,37.73917495,-0.694894055,15:25:00,28/11/2023,Outside,surface_boat_transect,30,0.45,27,EVE2353,EVS756,Med,ACTNOW
ACTNOW,DAR-2023-0949,SP06,Western Mediterranean,Spain,ma_es_cabopa_2023_Outside,Cabo de Palos-Islas Hormigas,50003,50003.3,37.73892945,-0.705704447,37.73917495,-0.694894055,15:25:00,28/11/2023,Outside,surface_boat_transect,30,0.45,33,EVE2356,EVS757,Med,ACTNOW
ACTNOW,DAR-2023-0144,IT07,Ionian Sea,Italy,ma_it_portoc_2023_NTZ,Porto Cesareo,70001,70001.1.2,40.24406776,17.88984693,40.23554792,17.90281785,10:14:00,25/07/2023,NTZ,surface_boat_transect,45,0.45,19.9,EVE2436,EVS483,Med,ACTNOW
ACTNOW,DAR-2023-0145,IT08,Ionian Sea,Italy,ma_it_portoc_2023_NTZ,Porto Cesareo,70001,70001.1.2,40.24406776,17.88984693,40.23554792,17.90281785,10:16:00,25/07/2023,NTZ,surface_boat_transect,45,0.45,15.4,EVE2422,EVS484,Med,ACTNOW
ACTNOW,DAR-2023-0067,IT09,Ionian Sea,Italy,ma_it_portoc_2023_Outside,Porto Cesareo,70001,70001.3.2,40.28007042,17.78170541,40.28546888,17.74771507,12:27:00,27/07/2023,Outside,surface_boat_transect,45,0.45,28.1,EVE2441,EVS485,Med,ACTNOW
ACTNOW,DAR-2023-0475,IT10,Ionian Sea,Italy,ma_it_portoc_2023_Outside,Porto Cesareo,70001,70001.3.2,40.28007042,17.78170541,40.28546888,17.74771507,13:16:00,27/07/2023,Outside,surface_boat_transect,45,0.45,28.5,EVE2433,EVS486,Med,ACTNOW
ACTNOW,DAR-2023-0069,IT11,Ionian Sea,Italy,ma_it_portoc_2023_Buffer,Porto Cesareo,70001,70001.2.2,40.26627434,17.83908909,40.27447201,17.8052987,10:30:00,27/07/2023,Buffer,surface_boat_transect,45,0.45,41.4,EVE2431,EVS487,Med,ACTNOW
ACTNOW,DAR-2023-0068,IT12,Ionian Sea,Italy,ma_it_portoc_2023_Buffer,Porto Cesareo,70001,70001.2.2,40.26627434,17.83908909,40.27447201,17.8052987,11:21:00,27/07/2023,Buffer,surface_boat_transect,45,0.45,43.2,EVE2428,EVS488,Med,ACTNOW
ACTNOW,DAR-2023-0472,IT13,Ionian Sea,Italy,ma_it_portoc_2023_NTZ,Porto Cesareo,70001,70001.1.1,40.2163854,17.91398499,40.19104969,17.91398366,07:38:00,28/07/2023,NTZ,surface_boat_transect,45,0.45,45,EVE2440,EVS489,Med,ACTNOW
ACTNOW,DAR-2023-0461,IT14,Ionian Sea,Italy,ma_it_portoc_2023_NTZ,Porto Cesareo,70001,70001.1.1,40.2163854,17.91398499,40.19104969,17.91398366,08:27:00,28/07/2023,NTZ,surface_boat_transect,45,0.45,43.9,EVE2425,EVS490,Med,ACTNOW
ACTNOW,DAR-2023-0471,IT15,Ionian Sea,Italy,ma_it_portoc_2023_Outside,Porto Cesareo,70001,70001.3.1,40.12079958,17.99070205,40.09490695,18.00529789,11:29:00,28/07/2023,Outside,surface_boat_transect,45,0.45,42.8,EVE2427,EVS491,Med,ACTNOW
ACTNOW,DAR-2023-0470,IT16,Ionian Sea,Italy,ma_it_portoc_2023_Outside,Porto Cesareo,70001,70001.3.1,40.12079958,17.99070205,40.09490695,18.00529789,12:17:00,28/07/2023,Outside,surface_boat_transect,45,0.45,41.4,EVE2437,EVS492,Med,ACTNOW
ACTNOW,DAR-2023-0474,IT17,Ionian Sea,Italy,ma_it_portoc_2023_Buffer,Porto Cesareo,70001,70001.2.1,40.15404013,17.95241294,40.13344599,17.97450666,09:37:00,28/07/2023,Buffer,surface_boat_transect,45,0.45,21.5,EVE2424,EVS493,Med,ACTNOW
ACTNOW,DAR-2023-0473,IT18,Ionian Sea,Italy,ma_it_portoc_2023_Buffer,Porto Cesareo,70001,70001.2.1,40.15404013,17.95241294,40.13344599,17.97450666,10:25:00,28/07/2023,Buffer,surface_boat_transect,45,0.45,35,EVE2429,EVS494,Med,ACTNOW
ACTNOW,DAR-2023-0426,IT01,Adriatic Sea,Italy,ma_it_torreg_2023_NTZ,Torre Guaceto,70002,70002.1,40.71312304,17.81508102,40.71979,17.796748,11:05:00,24/07/2023,NTZ,surface_boat_transect,45,0.45,37.3,EVE2435,EVS477,Med,ACTNOW
ACTNOW,DAR-2023-0427,IT02,Adriatic Sea,Italy,ma_it_torreg_2023_NTZ,Torre Guaceto,70002,70002.1,40.71312304,17.81508102,40.71979,17.796748,11:06:00,24/07/2023,NTZ,surface_boat_transect,45,0.45,27.4,EVE2430,EVS478,Med,ACTNOW
ACTNOW,DAR-2023-0428,IT03,Adriatic Sea,Italy,ma_it_torreg_2023_Buffer,Torre Guaceto,70002,70002.2,40.74517701,17.74784393,40.76121911,17.71926895,12:45:00,24/07/2023,Buffer,surface_boat_transect,45,0.45,42.8,EVE2434,EVS479,Med,ACTNOW
ACTNOW,DAR-2023-0142,IT04,Adriatic Sea,Italy,ma_it_torreg_2023_Buffer,Torre Guaceto,70002,70002.2,40.74517701,17.74784393,40.76121911,17.71926895,12:45:00,24/07/2023,Buffer,surface_boat_transect,45,0.45,33.8,EVE2423,EVS480,Med,ACTNOW
ACTNOW,DAR-2023-0143,IT05,Adriatic Sea,Italy,ma_it_torreg_2023_Outside,Torre Guaceto,70002,70002.3,40.76994199,17.69881528,40.78041949,17.66622978,14:15:00,24/07/2023,Outside,surface_boat_transect,45,0.45,40.9,EVE2438,EVS481,Med,ACTNOW
ACTNOW,DAR-2023-0148,IT06,Adriatic Sea,Italy,ma_it_torreg_2023_Outside,Torre Guaceto,70002,70002.3,40.76994199,17.69881528,40.78041949,17.66622978,14:17:00,24/07/2023,Outside,surface_boat_transect,45,0.45,33.6,EVE2432,EVS482,Med,ACTNOW
ACTNOW,DAR-2024-0326,CR01,Adriatic Sea,Croatia,ma_hr_kornat_2024_NTZ,Kornati National Park,80001,80001.1,43.7047347,15.53799994,43.70859825,15.53122695,13:18:00,11/09/2024,NTZ,surface_boat_transect,30,0.45,30,EVE2309,EVS1732,Med,ACTNOW
ACTNOW,DAR-2024-0333,CR02,Adriatic Sea,Croatia,ma_hr_kornat_2024_NTZ,Kornati National Park,80001,80001.1,43.7047347,15.53799994,43.70859825,15.53122695,13:18:00,11/09/2024,NTZ,surface_boat_transect,30,0.45,30,EVE2310,EVS1733,Med,ACTNOW
ACTNOW,DAR-2024-0334,CR03,Adriatic Sea,Croatia,ma_hr_kornat_2024_Buffer,Kornati National Park,80001,80001.2,43.71577769,15.60130762,43.72652463,15.58551662,12:22:00,11/09/2024,Buffer,surface_boat_transect,30,0.45,30,EVE2311,EVS1734,Med,ACTNOW
ACTNOW,DAR-2024-0337,CR04,Adriatic Sea,Croatia,ma_hr_kornat_2024_Buffer,Kornati National Park,80001,80001.2,43.71577769,15.60130762,43.72652463,15.58551662,12:22:00,11/09/2024,Buffer,surface_boat_transect,30,0.45,30,EVE2312,EVS1735,Med,ACTNOW
ACTNOW,DAR-2024-0335,CR05,Adriatic Sea,Croatia,ma_hr_kornat_2024_Outside,Kornati National Park,80001,80001.3,43.67714298,15.67812039,43.67064717,15.69200207,11:17:00,11/09/2024,Outside,surface_boat_transect,30,0.45,27,EVE2313,EVS1736,Med,ACTNOW
ACTNOW,DAR-2024-0332,CR06,Adriatic Sea,Croatia,ma_hr_kornat_2024_Outside,Kornati National Park,80001,80001.3,43.67714298,15.67812039,43.67064717,15.69200207,11:17:00,11/09/2024,Outside,surface_boat_transect,30,0.45,27,EVE2314,EVS1737,Med,ACTNOW
ACTNOW,DAR-2024-0341,CR07,Adriatic Sea,Croatia,ma_hr_telasc_2024_NTZ,Parc Telascica,80002,80002.1,43.88220993,15.1661151,43.89171308,15.15335927,10:30:00,10/09/2024,NTZ,surface_boat_transect,30,0.45,30,EVE2315,EVS1738,Med,ACTNOW
ACTNOW,DAR-2024-0342,CR08,Adriatic Sea,Croatia,ma_hr_telasc_2024_NTZ,Parc Telascica,80002,80002.1,43.88220993,15.1661151,43.89171308,15.15335927,10:30:00,10/09/2024,NTZ,surface_boat_transect,30,0.45,30,EVE2316,EVS1739,Med,ACTNOW
ACTNOW,DAR-2024-0343,CR09,Adriatic Sea,Croatia,ma_hr_telasc_2024_Buffer,Parc Telascica,80002,80002.2,43.97903658,15.05269035,43.96982437,15.06081216,13:35:00,10/09/2024,Buffer,surface_boat_transect,30,0.45,30,EVE2317,EVS1740,Med,ACTNOW
ACTNOW,DAR-2024-0340,CR10,Adriatic Sea,Croatia,ma_hr_telasc_2024_Buffer,Parc Telascica,80002,80002.2,43.97903658,15.05269035,43.96982437,15.06081216,13:35:00,10/09/2024,Buffer,surface_boat_transect,30,0.45,30,EVE2318,EVS1741,Med,ACTNOW
ACTNOW,DAR-2024-0339,CR11,Adriatic Sea,Croatia,ma_hr_telasc_2024_Outside,Parc Telascica,80002,80002.3,44.01541597,15.01781476,44.00433392,15.03081978,12:00:00,10/09/2024,Outside,surface_boat_transect,30,0.45,30,EVE2319,EVS1742,Med,ACTNOW
ACTNOW,DAR-2024-0338,CR12,Adriatic Sea,Croatia,ma_hr_telasc_2024_Outside,Parc Telascica,80002,80002.3,44.01541597,15.01781476,44.00433392,15.03081978,12:00:00,10/09/2024,Outside,surface_boat_transect,30,0.45,30,EVE2320,EVS1743,Med,ACTNOW
ACTNOW,Blank_PCR,IS08,Levantine Sea,Israel,ma_il_evtah_2024,Yam Evtah,10001,NA,NA,NA,NA,NA,NA,NA,NA,NA,NA,NA,NA,NA,NA,NA,NA
ACTNOW,Blank_PCR,CY29,Levantine Sea,Cyprus,ma_cy_2023,Amathounta,20001,NA,NA,NA,NA,NA,NA,NA,NA,NA,NA,NA,NA,NA,NA,NA,NA
ACTNOW,Blank_PCR,CY29,Levantine Sea,Cyprus,ma_cy_2023,Capo Greco,20002,NA,NA,NA,NA,NA,NA,NA,NA,NA,NA,NA,NA,NA,NA,NA,NA
ACTNOW,Blank_PCR,CY29,Levantine Sea,Cyprus,ma_cy_2023,Kakoskali,20003,NA,NA,NA,NA,NA,NA,NA,NA,NA,NA,NA,NA,NA,NA,NA,NA
ACTNOW,Blank_PCR,GR15,Aegean Sea,Greece,ma_gr_2024,Voreia Karpathos,30001,NA,NA,NA,NA,NA,NA,NA,NA,NA,NA,NA,NA,NA,NA,NA,NA
ACTNOW,Blank_PCR,GR15,Aegean Sea,Greece,ma_gr_2024,Gyaros,30002,NA,NA,NA,NA,NA,NA,NA,NA,NA,NA,NA,NA,NA,NA,NA,NA
ACTNOW,Blank_PCR,MA15,Ionian Sea,Malta,ma_mt_amarre_2023,MT0000105,40001,NA,NA,NA,NA,NA,NA,NA,NA,NA,NA,NA,NA,NA,NA,NA,NA
ACTNOW,Blank_PCR,MA15,Ionian Sea,Malta,ma_mt_amarre_2023,MT0000102,40002,NA,NA,NA,NA,NA,NA,NA,NA,NA,NA,NA,NA,NA,NA,NA,NA
ACTNOW,Blank_PCR,SP23,Alboran Sea,Spain,ma_es_2023,Maro-Cerro Gordo,50001,NA,NA,NA,NA,NA,NA,NA,NA,NA,NA,NA,NA,NA,NA,NA,NA
ACTNOW,Blank_PCR,SP23,Alboran Sea,Spain,ma_es_2023,Cabo de Gata-Nijar,50002,NA,NA,NA,NA,NA,NA,NA,NA,NA,NA,NA,NA,NA,NA,NA,NA
ACTNOW,Blank_PCR,SP23,Western Mediterranean,Spain,ma_es_2023,Cabo de Palos-Islas Hormigas,50003,NA,NA,NA,NA,NA,NA,NA,NA,NA,NA,NA,NA,NA,NA,NA,NA
ACTNOW,Blank_PCR,IT21,Ionian Sea,Italy,ma_it_2023,Porto Cesareo,70001,NA,NA,NA,NA,NA,NA,NA,NA,NA,NA,NA,NA,NA,NA,NA,NA
ACTNOW,Blank_PCR,IT21,Adriatic Sea,Italy,ma_it_2023,Torre Guaceto,70002,NA,NA,NA,NA,NA,NA,NA,NA,NA,NA,NA,NA,NA,NA,NA,NA
ACTNOW,Blank_PCR,CR14,Adriatic Sea,Croatia,ma_hr_2024,Kornati National Park,80001,NA,NA,NA,NA,NA,NA,NA,NA,NA,NA,NA,NA,NA,NA,NA,NA
ACTNOW,Blank_PCR,CR14,Adriatic Sea,Croatia,ma_hr_2024,Parc Telascica,80002,NA,NA,NA,NA,NA,NA,NA,NA,NA,NA,NA,NA,NA,NA,NA,NA
ACTNOW,Blank_Extraction,IS07,Levantine Sea,Israel,ma_il_evtah_2024,Yam Evtah,10001,NA,NA,NA,NA,NA,NA,NA,NA,NA,NA,NA,NA,EVE2229,NA,NA,NA
SPYGEN,SPY2401247,SPY2401247,Western Mediterranean,Italy,NA,Capo Gallo - Isola Delle Femmine,70003,70003.1,38.21073,13.23165,38.21445,13.2366,NA,16/09/2024,NTZ,dive_transect,30,0.2,30,NA,NA,Med,ActNow
SPYGEN,SPY2401242,SPY2401242,Western Mediterranean,Italy,NA,Capo Gallo - Isola Delle Femmine,70003,70003.1,38.21073,13.23165,38.21445,13.2366,NA,16/09/2024,NTZ,dive_transect,15,0.2,15,NA,NA,Med,ActNow
SPYGEN,SPY2401240,SPY2401240,Western Mediterranean,Italy,NA,Capo Gallo - Isola Delle Femmine,70003,70003.1,38.21073,13.23165,38.21445,13.2366,NA,16/09/2024,NTZ,dive_transect,15,0.2,15,NA,NA,Med,ActNow
SPYGEN,SPY2401234,SPY2401234,Western Mediterranean,Italy,NA,Capo Gallo - Isola Delle Femmine,70003,70003.1,38.21073,13.23165,38.21445,13.2366,NA,16/09/2024,NTZ,dive_transect,15,0.2,15,NA,NA,Med,ActNow
SPYGEN,SPY2401233,SPY2401233,Western Mediterranean,Italy,NA,Capo Gallo - Isola Delle Femmine,70003,70003.1,38.21073,13.23165,38.21445,13.2366,NA,16/09/2024,NTZ,dive_transect,15,0.2,15,NA,NA,Med,ActNow
SPYGEN,SPY2401229,SPY2401229,Western Mediterranean,Italy,NA,Capo Gallo - Isola Delle Femmine,70003,70003.1,38.21073,13.23165,38.21445,13.2366,NA,16/09/2024,NTZ,dive_transect,30,0.2,30,NA,NA,Med,ActNow
SPYGEN,SPY2401228,SPY2401228,Western Mediterranean,Italy,NA,Capo Gallo - Isola Delle Femmine,70003,70003.2,38.21333,13.33639,NA,NA,NA,15/09/2024,NTZ,dive_transect,30,0.2,30,NA,NA,Med,ActNow
SPYGEN,SPY2401197,SPY2401197,Western Mediterranean,Italy,NA,Capo Gallo - Isola Delle Femmine,70003,70003.2,38.21333,13.33639,NA,NA,NA,15/09/2024,NTZ,dive_transect,30,0.2,30,NA,NA,Med,ActNow
SPYGEN,SPY2401257,SPY2401257,Western Mediterranean,Italy,NA,Capo Gallo - Isola Delle Femmine,70003,70003.3,38.22111,13.32389,NA,NA,NA,15/09/2024,NTZ,dive_transect,15,0.2,15,NA,NA,Med,ActNow
SPYGEN,SPY2401250,SPY2401250,Western Mediterranean,Italy,NA,Capo Gallo - Isola Delle Femmine,70003,70003.3,38.22111,13.32389,NA,NA,NA,15/09/2024,NTZ,dive_transect,15,0.2,15,NA,NA,Med,ActNow
SPYGEN,SPY2401246,SPY2401246,Western Mediterranean,Italy,NA,Capo Gallo - Isola Delle Femmine,70003,70003.3,38.22111,13.32389,NA,NA,NA,15/09/2024,NTZ,dive_transect,15,0.2,15,NA,NA,Med,ActNow
SPYGEN,SPY2401187,SPY2401187,Western Mediterranean,Italy,NA,Capo Gallo - Isola Delle Femmine,70003,70003.3,38.22111,13.32389,NA,NA,NA,15/09/2024,NTZ,dive_transect,15,0.2,15,NA,NA,Med,ActNow
SPYGEN,SPY2402766,SPY2402766,Ionian Sea,Italy,NA,Plemmirio,70004,70004.1,36.96122,15.2558,36.96325,15.26067,NA,12/09/2024,Outside,dive_transect,15,0.2,15,NA,NA,Med,ActNow
SPYGEN,SPY2402764,SPY2402764,Ionian Sea,Italy,NA,Plemmirio,70004,70004.1,36.96122,15.2558,36.96325,15.26067,NA,12/09/2024,Outside,dive_transect,15,0.2,15,NA,NA,Med,ActNow
SPYGEN,SPY2401231,SPY2401231,Ionian Sea,Italy,NA,Plemmirio,70004,70004.1,36.96122,15.2558,36.96325,15.26067,NA,12/09/2024,Outside,dive_transect,15,0.2,15,NA,NA,Med,ActNow
SPYGEN,SPY2401179,SPY2401179,Ionian Sea,Italy,NA,Plemmirio,70004,70004.1,36.96122,15.2558,36.96325,15.26067,NA,12/09/2024,Outside,dive_transect,15,0.2,15,NA,NA,Med,ActNow
SPYGEN,SPY2401188,SPY2401188,Ionian Sea,Italy,NA,Plemmirio,70004,70004.2,36.96827,15.26198,36.97103,15.2647,NA,12/09/2024,Outside,dive_transect,30,0.2,30,NA,NA,Med,ActNow
SPYGEN,SPY2401159,SPY2401159,Ionian Sea,Italy,NA,Plemmirio,70004,70004.2,36.96827,15.26198,36.97103,15.2647,NA,12/09/2024,Outside,dive_transect,30,0.2,30,NA,NA,Med,ActNow
SPYGEN,SPY2402771,SPY2402771,Ionian Sea,Italy,NA,Plemmirio,70004,70004.3,37.00083,15.3348,36.99963,15.33092,NA,13/09/2024,Outside,dive_transect,15,0.2,15,NA,NA,Med,ActNow
SPYGEN,SPY2402756,SPY2402756,Ionian Sea,Italy,NA,Plemmirio,70004,70004.3,37.00083,15.3348,36.99963,15.33092,NA,13/09/2024,Outside,dive_transect,15,0.2,15,NA,NA,Med,ActNow
SPYGEN,SPY2401256,SPY2401256,Ionian Sea,Italy,NA,Plemmirio,70004,70004.3,37.00083,15.3348,36.99963,15.33092,NA,13/09/2024,Outside,dive_transect,15,0.2,15,NA,NA,Med,ActNow
SPYGEN,SPY2401227,SPY2401227,Ionian Sea,Italy,NA,Plemmirio,70004,70004.3,37.00083,15.3348,36.99963,15.33092,NA,13/09/2024,Outside,dive_transect,15,0.2,15,NA,NA,Med,ActNow
SPYGEN,SPY2401169,SPY2401169,Ionian Sea,Italy,NA,Plemmirio,70004,70004.4,37.01333,15.33088,37.00083,15.3348,NA,13/09/2024,Outside,dive_transect,30,0.2,30,NA,NA,Med,ActNow
SPYGEN,SPY232665,SPY232665,Ionian Sea,Italy,NA,Plemmirio,70004,70004.4,37.01333,15.33088,37.00083,15.3348,NA,13/09/2024,Outside,dive_transect,30,0.2,30,NA,NA,Med,ActNow
SPYGEN,SPY234010,SPY234010,Western Mediterranean,Italy,NA,Cala_Spalmatoio,70005,70005.1,42.2518,11.117483,42.250467,11.11575,NA,03/09/2023,NTZ,dive_transect,15,0.2,15,NA,NA,Med,ActNow
SPYGEN,SPY232277,SPY232277,Western Mediterranean,Italy,NA,Cala_Spalmatoio,70005,70005.1,42.2518,11.117483,42.250467,11.11575,NA,03/09/2023,NTZ,dive_transect,15,0.2,15,NA,NA,Med,ActNow
SPYGEN,SPY232207,SPY232207,Western Mediterranean,Italy,NA,Cala_Spalmatoio,70005,70005.1,42.2518,11.117483,42.250467,11.11575,NA,03/09/2023,NTZ,dive_transect,15,0.2,15,NA,NA,Med,ActNow
SPYGEN,SPY232157,SPY232157,Western Mediterranean,Italy,NA,Cala_Spalmatoio,70005,70005.1,42.2518,11.117483,42.250467,11.11575,NA,03/09/2023,NTZ,dive_transect,15,0.2,15,NA,NA,Med,ActNow
SPYGEN,SPY234014,SPY234014,Western Mediterranean,Italy,NA,Cala_Spalmatoio,70005,70005.2,42.252949,11.115076,NA,NA,NA,03/09/2023,NTZ,surface_boat_transect,30,0.2,30,NA,NA,Med,ActNow
SPYGEN,SPY234006,SPY234006,Western Mediterranean,Italy,NA,Cala_Spalmatoio,70005,70005.2,42.252949,11.115076,NA,NA,NA,03/09/2023,NTZ,surface_boat_transect,30,0.2,30,NA,NA,Med,ActNow
SPYGEN,SPY234011,SPY234011,Western Mediterranean,Italy,NA,Cala_Spalmatoio,70005,70005.3,42.26215,11.111683,42.2618,11.112717,NA,03/09/2023,NTZ,dive_transect,15,0.2,15,NA,NA,Med,ActNow
SPYGEN,SPY234007,SPY234007,Western Mediterranean,Italy,NA,Cala_Spalmatoio,70005,70005.3,42.26215,11.111683,42.2618,11.112717,NA,03/09/2023,NTZ,dive_transect,15,0.2,15,NA,NA,Med,ActNow
SPYGEN,SPY234000,SPY234000,Western Mediterranean,Italy,NA,Cala_Spalmatoio,70005,70005.3,42.26215,11.111683,42.2618,11.112717,NA,03/09/2023,NTZ,dive_transect,15,0.2,15,NA,NA,Med,ActNow
SPYGEN,SPY233992,SPY233992,Western Mediterranean,Italy,NA,Cala_Spalmatoio,70005,70005.3,42.26215,11.111683,42.2618,11.112717,NA,03/09/2023,NTZ,dive_transect,15,0.2,15,NA,NA,Med,ActNow
SPYGEN,SPY233999,SPY233999,Western Mediterranean,Italy,NA,Cala_Spalmatoio,70005,70005.4,42.263424,11.110156,42.25336,11.117565,NA,03/09/2023,NTZ,surface_boat_transect,30,0.2,30,NA,NA,Med,ActNow
SPYGEN,SPY233991,SPY233991,Western Mediterranean,Italy,NA,Cala_Spalmatoio,70005,70005.4,42.263424,11.110156,42.25336,11.117565,NA,03/09/2023,NTZ,surface_boat_transect,30,0.2,30,NA,NA,Med,ActNow
SPYGEN,SPY233982,SPY233982,Western Mediterranean,Italy,NA,Montecristo,70006,70006.1,42.31603,10.301881,42.315592,10.312782,NA,01/09/2023,NTZ,surface_boat_transect,30,0.2,30,NA,NA,Med,ActNow
SPYGEN,SPY233976,SPY233976,Western Mediterranean,Italy,NA,Montecristo,70006,70006.1,42.31603,10.301881,42.315592,10.312782,NA,01/09/2023,NTZ,surface_boat_transect,30,0.2,30,NA,NA,Med,ActNow
SPYGEN,SPY233983,SPY233983,Western Mediterranean,Italy,NA,Montecristo,70006,70006.3,42.328126,10.288623,42.330867,10.289889,NA,01/09/2023,NTZ,surface_boat_transect,30,0.2,30,NA,NA,Med,ActNow
SPYGEN,SPY233975,SPY233975,Western Mediterranean,Italy,NA,Montecristo,70006,70006.3,42.328126,10.288623,42.330867,10.289889,NA,01/09/2023,NTZ,surface_boat_transect,30,0.2,30,NA,NA,Med,ActNow
SPYGEN,SPY234003,SPY234003,Western Mediterranean,Italy,NA,Montecristo,70006,70006.4,42.335754,10.291897,NA,NA,NA,01/09/2023,NTZ,dive_motionless,40,0.2,40,NA,NA,Med,ActNow
SPYGEN,SPY233364,SPY233364,Western Mediterranean,Italy,NA,Montecristo,70006,70006.4,42.335754,10.291897,NA,NA,NA,01/09/2023,NTZ,dive_motionless,40,0.2,40,NA,NA,Med,ActNow
SPYGEN,SPY233978,SPY233978,Western Mediterranean,Italy,NA,Montecristo,70006,70006.6,42.346417,10.294133,NA,NA,NA,01/09/2023,NTZ,surface_boat_transect,30,0.2,30,NA,NA,Med,ActNow
SPYGEN,SPY233977,SPY233977,Western Mediterranean,Italy,NA,Montecristo,70006,70006.6,42.346417,10.294133,NA,NA,NA,01/09/2023,NTZ,surface_boat_transect,30,0.2,30,NA,NA,Med,ActNow
SPYGEN,SPY233985,SPY233985,Western Mediterranean,Italy,NA,Montecristo,70006,70006.2,42.324641,10.3317,42.321928,10.32285542,NA,02/09/2023,NTZ,surface_boat_transect,30,0.2,30,NA,NA,Med,ActNow
SPYGEN,SPY233961,SPY233961,Western Mediterranean,Italy,NA,Montecristo,70006,70006.2,42.324641,10.3317,42.321928,10.32285542,NA,02/09/2023,NTZ,surface_boat_transect,30,0.2,30,NA,NA,Med,ActNow
SPYGEN,SPY234009,SPY234009,Western Mediterranean,Italy,NA,Montecristo,70006,70006.5,42.338664,10.328947,42.335682,10.326688,NA,02/09/2023,NTZ,surface_boat_transect,30,0.2,30,NA,NA,Med,ActNow
SPYGEN,SPY233993,SPY233993,Western Mediterranean,Italy,NA,Montecristo,70006,70006.5,42.338664,10.328947,42.335682,10.326688,NA,02/09/2023,NTZ,surface_boat_transect,30,0.2,30,NA,NA,Med,ActNow
ACTNOW,Blank_Extraction,CY07,Levantine Sea,Cyprus,ma_cy_limass_2023,Amathounta,20001,NA,NA,NA,NA,NA,NA,NA,NA,NA,NA,NA,NA,EVE2373,NA,NA,NA
ACTNOW,Blank_Extraction,CY14,Levantine Sea,Cyprus,ma_cy_capogr_2023,Capo Greco,20002,NA,NA,NA,NA,NA,NA,NA,NA,NA,NA,NA,NA,EVE2388,NA,NA,NA
ACTNOW,Blank_Extraction,CY21,Levantine Sea,Cyprus,ma_cy_akamas_2023,Kakoskali,20003,NA,NA,NA,NA,NA,NA,NA,NA,NA,NA,NA,NA,EVE2380,NA,NA,NA
ACTNOW,Blank_Extraction,GR14,Aegean Sea,Greece,ma_gr_karpat_2024,Voreia Karpathos,30001,NA,NA,NA,NA,NA,NA,NA,NA,NA,NA,NA,NA,EVE2334,NA,NA,NA
ACTNOW,Blank_Extraction,GR07,Aegean Sea,Greece,ma_gr_gyaros_2024,Gyaros,30002,NA,NA,NA,NA,NA,NA,NA,NA,NA,NA,NA,NA,EVE2321,NA,NA,NA
ACTNOW,Blank_Extraction,MA14,Ionian Sea,Malta,ma_mt_amarre_2023,MT0000105,40001,NA,NA,NA,NA,NA,NA,NA,NA,NA,NA,NA,NA,EVE2404,NA,NA,NA
ACTNOW,Blank_Extraction,MA07,Ionian Sea,Malta,ma_mt_amarre_2023,MT0000102,40002,NA,NA,NA,NA,NA,NA,NA,NA,NA,NA,NA,NA,EVE2342,NA,NA,NA
ACTNOW,Blank_Extraction,SP20,Alboran Sea,Spain,ma_es_macego_2023,Maro-Cerro Gordo,50001,NA,NA,NA,NA,NA,NA,NA,NA,NA,NA,NA,NA,EVE2366,NA,NA,NA
ACTNOW,Blank_Extraction,SP22,Alboran Sea,Spain,ma_es_caboga_2023,Cabo de Gata-Nijar,50002,NA,NA,NA,NA,NA,NA,NA,NA,NA,NA,NA,NA,EVE2351,NA,NA,NA
ACTNOW,Blank_Extraction,SP21,Western Mediterranean,Spain,ma_es_cabopa_2023,Cabo de Palos-Islas Hormigas,50003,NA,NA,NA,NA,NA,NA,NA,NA,NA,NA,NA,NA,EVE2358,NA,NA,NA
ACTNOW,Blank_Extraction,IT19,Ionian Sea,Italy,ma_it_2023,Porto Cesareo,70001,NA,NA,NA,NA,NA,NA,NA,NA,NA,NA,NA,NA,EVE2426,NA,NA,NA
ACTNOW,Blank_Extraction,IT20,Ionian Sea,Italy,ma_it_2023,Porto Cesareo,70001,NA,NA,NA,NA,NA,NA,NA,NA,NA,NA,NA,NA,EVE2439,NA,NA,NA
ACTNOW,Blank_Extraction,IT19,Adriatic Sea,Italy,ma_it_2023,Torre Guaceto,70002,NA,NA,NA,NA,NA,NA,NA,NA,NA,NA,NA,NA,EVE2426,NA,NA,NA
ACTNOW,Blank_Extraction,IT20,Adriatic Sea,Italy,ma_it_2023,Torre Guaceto,70002,NA,NA,NA,NA,NA,NA,NA,NA,NA,NA,NA,NA,EVE2439,NA,NA,NA
ACTNOW,Blank_Extraction,CR13,Adriatic Sea,Croatia,ma_hr_2024,Kornati National Park,80001,NA,NA,NA,NA,NA,NA,NA,NA,NA,NA,NA,NA,EVE2308,NA,NA,NA
ACTNOW,Blank_Extraction,CR13,Adriatic Sea,Croatia,ma_hr_2024,Parc Telascica,80002,NA,NA,NA,NA,NA,NA,NA,NA,NA,NA,NA,NA,EVE2308,NA,NA,NA
SPYGEN,SPY232087,SPY232087,Western Mediterranean,France,NA,Cerbere_Banyuls,90005,90005.1.1,42.46188,3.16159,42.46288,3.1613,NA,22/08/2023,NTZ,surface_boat_transect,30,0.2,30,NA,NA,Med,AMS
SPYGEN,SPY232088,SPY232088,Western Mediterranean,France,NA,Cerbere_Banyuls,90005,90005.1.2,42.46188,3.16211,42.46247,3.16135,NA,22/08/2023,NTZ,surface_boat_transect,30,0.2,30,NA,NA,Med,AMS
SPYGEN,SPY232191,SPY232191,Western Mediterranean,France,NA,Cerbere_Banyuls,90005,90005.1.3,42.46203,3.16193,42.46389,3.16237,NA,05/06/2023,NTZ,surface_boat_transect,30,0.2,30,NA,NA,Med,AMS
SPYGEN,SPY232201,SPY232201,Western Mediterranean,France,NA,Cerbere_Banyuls,90005,90005.1.4,42.46249,3.1619,42.46336,3.1623,NA,05/06/2023,NTZ,surface_boat_transect,30,0.2,30,NA,NA,Med,AMS
SPYGEN,SPY232204,SPY232204,Western Mediterranean,France,NA,Cerbere_Banyuls,90005,90005.2.1,42.4423,3.17506,42.43988,3.17811,NA,22/08/2023,NTZ/Buffer,surface_boat_transect,30,0.2,30,NA,NA,Med,AMS
SPYGEN,SPY232094,SPY232094,Western Mediterranean,France,NA,Cerbere_Banyuls,90005,90005.2.2,42.44274,3.17445,42.43962,3.17813,NA,22/08/2023,NTZ/Buffer,surface_boat_transect,30,0.2,30,NA,NA,Med,AMS
SPYGEN,SPY232050,SPY232050,Western Mediterranean,France,NA,Cerbere_Banyuls,90005,90005.2.3,42.47399,3.15602,42.47406,3.15818,NA,05/06/2023,NTZ/Buffer,surface_boat_transect,30,0.2,30,NA,NA,Med,AMS
SPYGEN,SPY232190,SPY232190,Western Mediterranean,France,NA,Cerbere_Banyuls,90005,90005.2.4,42.47453,3.15602,42.47782,3.15614,NA,05/06/2023,NTZ/Buffer,surface_boat_transect,30,0.2,30,NA,NA,Med,AMS
SPYGEN,SPY232275,SPY232275,Western Mediterranean,France,NA,Cerbere_Banyuls,90005,90005.2.5,42.48026,3.1466,42.47966,3.14719,NA,22/08/2023,NTZ/Buffer,surface_boat_transect,30,0.2,30,NA,NA,Med,AMS
SPYGEN,SPY232226,SPY232226,Western Mediterranean,France,NA,Cerbere_Banyuls,90005,90005.2.6,42.48056,3.14598,42.479,3.14976,NA,22/08/2023,NTZ/Buffer,surface_boat_transect,30,0.2,30,NA,NA,Med,AMS
SPYGEN,SPY232057,SPY232057,Western Mediterranean,France,NA,Cerbere_Banyuls,90005,90005.3.1,42.43178,3.17455,42.43414,3.1752,NA,05/06/2023,Buffer,surface_boat_transect,30,0.2,30,NA,NA,Med,AMS
SPYGEN,SPY232215,SPY232215,Western Mediterranean,France,NA,Cerbere_Banyuls,90005,90005.3.2,42.4337,3.17522,42.43321,3.17539,NA,05/06/2023,Buffer,surface_boat_transect,30,0.2,30,NA,NA,Med,AMS
SPYGEN,SPY233979,SPY233979,Western Mediterranean,France,NA,Cerbere_Banyuls,90005,90005.3.3,42.49435,3.13486,42.50048,3.13778,NA,22/08/2023,Buffer,surface_boat_transect,32,0.2,32,NA,NA,Med,AMS
SPYGEN,SPY232238,SPY232238,Western Mediterranean,France,NA,Cerbere_Banyuls,90005,90005.3.4,42.49489,3.1358,42.49815,3.13837,NA,22/08/2023,Buffer,surface_boat_transect,32,0.2,32,NA,NA,Med,AMS
SPYGEN,SPY232198,SPY232198,Western Mediterranean,France,NA,Cerbere_Banyuls,90005,90005.3.5,42.4952,3.13417,42.49619,3.13594,NA,05/06/2023,Buffer,surface_boat_transect,30,0.2,30,NA,NA,Med,AMS
SPYGEN,SPY232208,SPY232208,Western Mediterranean,France,NA,Cerbere_Banyuls,90005,90005.3.6,42.49526,3.13455,42.49928,3.13822,NA,05/06/2023,Buffer,surface_boat_transect,30,0.2,30,NA,NA,Med,AMS
SPYGEN,SPY232193,SPY232193,Western Mediterranean,France,NA,Cerbere_Banyuls,90005,90005.4.1,42.51709,3.1383,42.52439,3.1115,NA,06/06/2023,Buffer/Outside,surface_boat_transect,30,0.2,30,NA,NA,Med,AMS
SPYGEN,SPY234005,SPY234005,Western Mediterranean,France,NA,Cerbere_Banyuls,90005,90005.4.2,42.521723,3.132772,42.523074,3.10996,NA,21/09/2023,Buffer/Outside,surface_boat_transect,30,0.2,30,NA,NA,Med,AMS
SPYGEN,SPY233349,SPY233349,Western Mediterranean,France,NA,Cerbere_Banyuls,90005,90005.4.2,42.521723,3.132772,42.523074,3.10996,NA,21/09/2023,Buffer/Outside,surface_boat_transect,30,0.2,30,NA,NA,Med,AMS
SPYGEN,SPY232192,SPY232192,Western Mediterranean,France,NA,Cerbere_Banyuls,90005,90005.4.3,42.52451,3.11525,42.51714,3.13704,NA,06/06/2023,Buffer/Outside,surface_boat_transect,30,0.2,30,NA,NA,Med,AMS
SPYGEN,SPY231698,SPY231698,Western Mediterranean,France,NA,RNBB,90006,90006.1.1,41.5252,9.34685,41.54895,9.382333333,NA,11/05/2023,NTZ,seabed_transect,60,0.2,60,NA,NA,Med,PIAF
SPYGEN,SPY231697,SPY231697,Western Mediterranean,France,NA,RNBB,90006,90006.1.1,41.5252,9.34685,41.54895,9.382333333,NA,11/05/2023,NTZ,seabed_transect,60,0.2,60,NA,NA,Med,PIAF
SPYGEN,SPY231702,SPY231702,Western Mediterranean,France,NA,RNBB,90006,90006.1.2,41.55903333,9.393383333,41.59798333,9.380716667,NA,11/05/2023,NTZ,seabed_transect,60,0.2,60,NA,NA,Med,PIAF
SPYGEN,SPY231701,SPY231701,Western Mediterranean,France,NA,RNBB,90006,90006.1.2,41.55903333,9.393383333,41.59798333,9.380716667,NA,11/05/2023,NTZ,seabed_transect,60,0.2,60,NA,NA,Med,PIAF
SPYGEN,SPY232269,SPY232269,Western Mediterranean,France,NA,RNBB,90006,90006.1.3,41.509958,9.384437,41.508951,9.383032,NA,30/08/2023,NTZ,surface_boat_transect,30,0.2,30,NA,NA,Med,AMS
SPYGEN,SPY232224,SPY232224,Western Mediterranean,France,NA,RNBB,90006,90006.1.3,41.509958,9.384437,41.508951,9.383032,NA,30/08/2023,NTZ,surface_boat_transect,30,0.2,30,NA,NA,Med,AMS
SPYGEN,SPY231700,SPY231700,Western Mediterranean,France,NA,RNBB,90006,90006.2.1,41.52758333,9.39415,41.55988333,9.39335,NA,11/05/2023,NTZ/Buffer,seabed_transect,60,0.2,60,NA,NA,Med,PIAF
SPYGEN,SPY231699,SPY231699,Western Mediterranean,France,NA,RNBB,90006,90006.2.1,41.52758333,9.39415,41.55988333,9.39335,NA,11/05/2023,NTZ/Buffer,seabed_transect,60,0.2,60,NA,NA,Med,PIAF
SPYGEN,SPY231912,SPY231912,Western Mediterranean,France,NA,RNBB,90006,90006.2.2,41.52868333,9.40225,NA,NA,NA,15/06/2023,NTZ/Buffer,motionless_descended_from_surface,30,0.2,30,NA,NA,Med,PISCIS
SPYGEN,SPY231911,SPY231911,Western Mediterranean,France,NA,RNBB,90006,90006.2.2,41.52868333,9.40225,NA,NA,NA,15/06/2023,NTZ/Buffer,motionless_descended_from_surface,30,0.2,30,NA,NA,Med,PISCIS
SPYGEN,SPY231696,SPY231696,Western Mediterranean,France,NA,RNBB,90006,90006.3.1,41.51088333,9.302483333,41.52481667,9.3471,NA,11/05/2023,Buffer,seabed_transect,60,0.2,60,NA,NA,Med,PIAF
SPYGEN,SPY231695,SPY231695,Western Mediterranean,France,NA,RNBB,90006,90006.3.1,41.51088333,9.302483333,41.52481667,9.3471,NA,11/05/2023,Buffer,seabed_transect,60,0.2,60,NA,NA,Med,PIAF
SPYGEN,SPY231704,SPY231704,Western Mediterranean,France,NA,RNBB,90006,90006.3.2,41.5973,9.380366667,41.63621667,9.394716667,NA,11/05/2023,Buffer,seabed_transect,60,0.2,60,NA,NA,Med,PIAF
SPYGEN,SPY231703,SPY231703,Western Mediterranean,France,NA,RNBB,90006,90006.3.2,41.5973,9.380366667,41.63621667,9.394716667,NA,11/05/2023,Buffer,seabed_transect,60,0.2,60,NA,NA,Med,PIAF
SPYGEN,SPY233720,SPY233720,Western Mediterranean,France,NA,RNBB,90006,90006.3.3,41.52646,9.28576,41.52209,9.28251,NA,10/08/2023,Buffer,surface_boat_transect,30,0.2,30,NA,NA,Med,Je_Navigueraie
SPYGEN,SPY233723,SPY233723,Western Mediterranean,France,NA,RNBB,90006,90006.3.4,41.52386,9.28097,41.5273,9.2861,NA,10/08/2023,Buffer,surface_boat_transect,30,0.2,30,NA,NA,Med,Je_Navigueraie
SPYGEN,SPY231692,SPY231692,Western Mediterranean,France,NA,RNBB,90006,90006.4.1,41.43455,9.251533333,41.46671667,9.285466667,NA,11/05/2023,Outside,seabed_transect,60,0.2,60,NA,NA,Med,PIAF
SPYGEN,SPY231691,SPY231691,Western Mediterranean,France,NA,RNBB,90006,90006.4.1,41.43455,9.251533333,41.46671667,9.285466667,NA,11/05/2023,Outside,seabed_transect,60,0.2,60,NA,NA,Med,PIAF
SPYGEN,SPY231694,SPY231694,Western Mediterranean,France,NA,RNBB,90006,90006.4.2,41.46726667,9.286066667,41.51108333,9.302366667,NA,11/05/2023,Outside,seabed_transect,60,0.2,60,NA,NA,Med,PIAF
SPYGEN,SPY231693,SPY231693,Western Mediterranean,France,NA,RNBB,90006,90006.4.2,41.46726667,9.286066667,41.51108333,9.302366667,NA,11/05/2023,Outside,seabed_transect,60,0.2,60,NA,NA,Med,PIAF
SPYGEN,SPY231914,SPY231914,Western Mediterranean,France,NA,RNBB,90006,90006.4.3,41.4707,9.278333333,NA,NA,NA,16/06/2023,Outside,motionless_descended_from_surface,30,0.2,30,NA,NA,Med,PISCIS
SPYGEN,SPY231913,SPY231913,Western Mediterranean,France,NA,RNBB,90006,90006.4.3,41.4707,9.278333333,NA,NA,NA,16/06/2023,Outside,motionless_descended_from_surface,30,0.2,30,NA,NA,Med,PISCIS
SPYGEN,SPY233353,SPY233353,Western Mediterranean,France,NA,Nonza,90007,90007.1,42.758633,9.33495,42.775633,9.337433,NA,24/08/2023,NTZ,surface_boat_transect,30,0.2,30,NA,NA,Med,AMS
SPYGEN,SPY233347,SPY233347,Western Mediterranean,France,NA,Nonza,90007,90007.1,42.758633,9.33495,42.775633,9.337433,NA,24/08/2023,NTZ,surface_boat_transect,30,0.2,30,NA,NA,Med,AMS
SPYGEN,SPY233713,SPY233713,Western Mediterranean,France,NA,Nonza,90007,90007.2.1,42.71246,9.25759,42.70356,9.26985,NA,27/08/2023,Buffer,surface_boat_transect,30,0.2,30,NA,NA,Med,Je_Navigueraie
SPYGEN,SPY233722,SPY233722,Western Mediterranean,France,NA,Nonza,90007,90007.2.2,42.71313,9.25728,42.70354,9.2693,NA,27/08/2023,Buffer,surface_boat_transect,36,0.2,NA,NA,NA,Med,Je_Navigueraie
SPYGEN,SPY233970,SPY233970,Western Mediterranean,France,NA,Nonza,90007,90007.2.3,42.723481,9.240836,42.737954,9.220952,NA,25/08/2023,Buffer,surface_boat_transect,30,0.2,30,NA,NA,Med,ActNow
SPYGEN,SPY233371,SPY233371,Western Mediterranean,France,NA,Nonza,90007,90007.2.3,42.723481,9.240836,42.737954,9.220952,NA,25/08/2023,Buffer,surface_boat_transect,30,0.2,30,NA,NA,Med,ActNow
SPYGEN,SPY233357,SPY233357,Western Mediterranean,France,NA,Nonza,90007,90007.2.4,42.83916667,9.31265,42.82455,9.31725,NA,24/08/2023,Buffer,surface_boat_transect,30,0.2,30,NA,NA,Med,AMS
SPYGEN,SPY233356,SPY233356,Western Mediterranean,France,NA,Nonza,90007,90007.2.4,42.83916667,9.31265,42.82455,9.31725,NA,24/08/2023,Buffer,surface_boat_transect,30,0.2,30,NA,NA,Med,AMS
SPYGEN,SPY223078,SPY223078,Western Mediterranean,France,NA,Calvi,90008,90008.1.1,42.576935,8.708269,42.585406,8.727343,NA,25/05/2023,NTZ,surface_boat_transect,30,0.2,30,NA,NA,Med,AMS
SPYGEN,SPY223082,SPY223082,Western Mediterranean,France,NA,Calvi,90008,90008.1.4,42.585406,8.727343,42.576935,8.708269,NA,25/05/2023,NTZ,surface_boat_transect,30,0.2,30,NA,NA,Med,AMS
SPYGEN,SPY231877,SPY231877,Western Mediterranean,France,NA,Calvi,90008,90008.1.2.2,42.58018,8.72848,NA,NA,NA,30/05/2023,NTZ,dive_transect,15,0.2,15,NA,NA,Med,Arena
SPYGEN,SPY231871,SPY231871,Western Mediterranean,France,NA,Calvi,90008,90008.1.2.2,42.58018,8.72848,NA,NA,NA,30/05/2023,NTZ,dive_transect,15,0.2,15,NA,NA,Med,Arena
SPYGEN,SPY231894,SPY231894,Western Mediterranean,France,NA,Calvi,90008,90008.1.5,42.59326667,8.722583333,NA,NA,NA,08/06/2023,NTZ,motionless_descended_from_surface,30,0.2,30,NA,NA,Med,PISCIS
SPYGEN,SPY231893,SPY231893,Western Mediterranean,France,NA,Calvi,90008,90008.1.5,42.59326667,8.722583333,NA,NA,NA,08/06/2023,NTZ,motionless_descended_from_surface,30,0.2,30,NA,NA,Med,PISCIS
SPYGEN,SPY233830,SPY233830,Western Mediterranean,France,NA,Calvi,90008,90008.1.2.1,42.58018,8.72848,NA,NA,NA,26/08/2023,NTZ,dive_transect,15,0.2,15,NA,NA,Med,Arena
SPYGEN,SPY233829,SPY233829,Western Mediterranean,France,NA,Calvi,90008,90008.1.2.1,42.58018,8.72848,NA,NA,NA,26/08/2023,NTZ,dive_transect,15,0.2,15,NA,NA,Med,Arena
SPYGEN,SPY234002,SPY234002,Western Mediterranean,France,NA,Calvi,90008,90008.1.3,42.585366,8.726229,42.579286,8.714933,NA,26/08/2023,NTZ,surface_boat_transect,30,0.2,30,NA,NA,Med,AMS
SPYGEN,SPY233994,SPY233994,Western Mediterranean,France,NA,Calvi,90008,90008.1.3,42.585366,8.726229,42.579286,8.714933,NA,26/08/2023,NTZ,surface_boat_transect,30,0.2,30,NA,NA,Med,AMS
SPYGEN,SPY231744,SPY231744,Western Mediterranean,France,NA,Calvi,90008,90008.2.1,42.56095,8.710233333,42.52803333,8.693616667,NA,04/05/2023,NTZ/Buffer,seabed_transect,60,0.2,60,NA,NA,Med,PIAF
SPYGEN,SPY231743,SPY231743,Western Mediterranean,France,NA,Calvi,90008,90008.2.1,42.56095,8.710233333,42.52803333,8.693616667,NA,04/05/2023,NTZ/Buffer,seabed_transect,60,0.2,60,NA,NA,Med,PIAF
SPYGEN,SPY231742,SPY231742,Western Mediterranean,France,NA,Calvi,90008,90008.2.5,42.57296667,8.77075,42.5876,8.7293,NA,04/05/2023,NTZ/Buffer,seabed_transect,60,0.2,60,NA,NA,Med,PIAF
SPYGEN,SPY231741,SPY231741,Western Mediterranean,France,NA,Calvi,90008,90008.2.5,42.57296667,8.77075,42.5876,8.7293,NA,04/05/2023,NTZ/Buffer,seabed_transect,60,0.2,60,NA,NA,Med,PIAF
SPYGEN,SPY231878,SPY231878,Western Mediterranean,France,NA,Calvi,90008,90008.2.6.1,42.57544,8.72766,NA,NA,NA,30/05/2023,NTZ/Buffer,dive_transect,30,0.2,30,NA,NA,Med,Arena
SPYGEN,SPY231870,SPY231870,Western Mediterranean,France,NA,Calvi,90008,90008.2.6.1,42.57544,8.72766,NA,NA,NA,30/05/2023,NTZ/Buffer,dive_transect,30,0.2,30,NA,NA,Med,Arena
SPYGEN,SPY231874,SPY231874,Western Mediterranean,France,NA,Calvi,90008,90008.2.2.1,42.56473,8.7318,NA,NA,NA,31/05/2023,NTZ/Buffer,dive_transect,30,0.2,30,NA,NA,Med,Arena
SPYGEN,SPY231873,SPY231873,Western Mediterranean,France,NA,Calvi,90008,90008.2.2.1,42.56473,8.7318,NA,NA,NA,31/05/2023,NTZ/Buffer,dive_transect,30,0.2,30,NA,NA,Med,Arena
SPYGEN,SPY231865,SPY231865,Western Mediterranean,France,NA,Calvi,90008,90008.2.4.1,42.57079,8.73509,NA,NA,NA,31/05/2023,NTZ/Buffer,dive_transect,15,0.2,15,NA,NA,Med,Arena
SPYGEN,SPY231896,SPY231896,Western Mediterranean,France,NA,Calvi,90008,90008.2.3,42.5707333,8.74148333,NA,NA,NA,08/06/2023,NTZ/Buffer,motionless_descended_from_surface,30,0.2,30,NA,NA,Med,PISCIS
SPYGEN,SPY231895,SPY231895,Western Mediterranean,France,NA,Calvi,90008,90008.2.3,42.5707333,8.74148333,NA,NA,NA,08/06/2023,NTZ/Buffer,motionless_descended_from_surface,30,0.2,30,NA,NA,Med,PISCIS
SPYGEN,SPY233828,SPY233828,Western Mediterranean,France,NA,Calvi,90008,90008.2.2.2,42.56473,8.7318,NA,NA,NA,26/08/2023,NTZ/Buffer,dive_transect,30,0.2,30,NA,NA,Med,Arena
SPYGEN,SPY233821,SPY233821,Western Mediterranean,France,NA,Calvi,90008,90008.2.2.2,42.56473,8.7318,NA,NA,NA,26/08/2023,NTZ/Buffer,dive_transect,30,0.2,30,NA,NA,Med,Arena
SPYGEN,SPY233820,SPY233820,Western Mediterranean,France,NA,Calvi,90008,90008.2.4.2,42.57079,8.73509,NA,NA,NA,26/08/2023,NTZ/Buffer,dive_transect,15,0.2,15,NA,NA,Med,Arena
SPYGEN,SPY233813,SPY233813,Western Mediterranean,France,NA,Calvi,90008,90008.2.4.2,42.57079,8.73509,NA,NA,NA,26/08/2023,NTZ/Buffer,dive_transect,15,0.2,15,NA,NA,Med,Arena
SPYGEN,SPY233822,SPY233822,Western Mediterranean,France,NA,Calvi,90008,90008.2.6.2,42.57544,8.72766,NA,NA,NA,26/08/2023,NTZ/Buffer,dive_transect,30,0.2,30,NA,NA,Med,Arena
SPYGEN,SPY233814,SPY233814,Western Mediterranean,France,NA,Calvi,90008,90008.2.6.2,42.57544,8.72766,NA,NA,NA,26/08/2023,NTZ/Buffer,dive_transect,30,0.2,30,NA,NA,Med,Arena
SPYGEN,SPY233958,SPY233958,Western Mediterranean,France,NA,Calvi,90008,90008.3.1,42.563468,8.757588,NA,NA,NA,25/08/2023,Buffer,surface_boat_transect,30,0.2,30,NA,NA,Med,ActNow
SPYGEN,SPY233951,SPY233951,Western Mediterranean,France,NA,Calvi,90008,90008.3.1,42.563468,8.757588,NA,NA,NA,25/08/2023,Buffer,surface_boat_transect,30,0.2,30,NA,NA,Med,ActNow
SPYGEN,SPY223077,SPY223077,Western Mediterranean,France,NA,Calvi,90008,90008.3.2,42.576198,8.799355,42.588256,8.798488,NA,25/05/2023,Buffer,surface_boat_transect,30,0.2,30,NA,NA,Med,AMS
SPYGEN,SPY223079,SPY223079,Western Mediterranean,France,NA,Calvi,90008,90008.3.3,42.588256,8.798488,42.576198,8.799355,NA,25/05/2023,Buffer,surface_boat_transect,30,0.2,30,NA,NA,Med,AMS
SPYGEN,SPY233953,SPY233953,Western Mediterranean,France,NA,Calvi,90008,90008.3.4,42.600464,8.796462,42.605377,8.82022,NA,25/08/2023,Buffer,surface_boat_transect,30,0.2,30,NA,NA,Med,ActNow
SPYGEN,SPY233952,SPY233952,Western Mediterranean,France,NA,Calvi,90008,90008.3.4,42.600464,8.796462,42.605377,8.82022,NA,25/08/2023,Buffer,surface_boat_transect,30,0.2,30,NA,NA,Med,ActNow
SPYGEN,SPY231740,SPY231740,Western Mediterranean,France,NA,Calvi,90008,90008.3.5,42.60813333,8.789766667,42.57446667,8.771733333,NA,01/05/2023,Buffer,seabed_transect,60,0.2,60,NA,NA,Med,PIAF
SPYGEN,SPY231739,SPY231739,Western Mediterranean,France,NA,Calvi,90008,90008.3.5,42.60813333,8.789766667,42.57446667,8.771733333,NA,01/05/2023,Buffer,seabed_transect,60,0.2,60,NA,NA,Med,PIAF
SPYGEN,SPY233957,SPY233957,Western Mediterranean,France,NA,Calvi,90008,90008.4.1,42.583561,8.796397,42.589697,8.805509,NA,26/08/2023,Buffer/Outside,surface_boat_transect,30,0.2,30,NA,NA,Med,AMS
SPYGEN,SPY233956,SPY233956,Western Mediterranean,France,NA,Calvi,90008,90008.4.1,42.583561,8.796397,42.589697,8.805509,NA,26/08/2023,Buffer/Outside,surface_boat_transect,30,0.2,30,NA,NA,Med,AMS
SPYGEN,SPY231738,SPY231738,Western Mediterranean,France,NA,Calvi,90008,90008.4.2,42.62891667,8.830266667,42.60893333,8.79225,NA,01/05/2023,Buffer/Outside,seabed_transect,60,0.2,60,NA,NA,Med,PIAF
SPYGEN,SPY231737,SPY231737,Western Mediterranean,France,NA,Calvi,90008,90008.4.2,42.62891667,8.830266667,42.60893333,8.79225,NA,01/05/2023,Buffer/Outside,seabed_transect,60,0.2,60,NA,NA,Med,PIAF
SPYGEN,SPY232685,SPY232685,Western Mediterranean,France,NA,Marseille_calanques_Riou,90009,90009.1.1,43.1694583,5.3941188,43.17083,5.3815,NA,23/05/2023,NTZ,dive_transect,15,0.2,15,NA,NA,Med,DeepHeart
SPYGEN,SPY232675,SPY232675,Western Mediterranean,France,NA,Marseille_calanques_Riou,90009,90009.1.1,43.1694583,5.3941188,43.17083,5.3815,NA,23/05/2023,NTZ,dive_transect,15,0.2,15,NA,NA,Med,DeepHeart
SPYGEN,SPY224145,SPY224145,Western Mediterranean,France,NA,Marseille_calanques_Riou,90009,90009.1.1,43.1694583,5.3941188,43.17083,5.3815,NA,23/05/2023,NTZ,dive_transect,15,0.2,15,NA,NA,Med,DeepHeart
SPYGEN,SPY224144,SPY224144,Western Mediterranean,France,NA,Marseille_calanques_Riou,90009,90009.1.1,43.1694583,5.3941188,43.17083,5.3815,NA,23/05/2023,NTZ,dive_transect,15,0.2,15,NA,NA,Med,DeepHeart
SPYGEN,SPY224134,SPY224134,Western Mediterranean,France,NA,Marseille_calanques_Riou,90009,90009.1.1,43.1694583,5.3941188,43.17083,5.3815,NA,23/05/2023,NTZ,dive_transect,15,0.2,15,NA,NA,Med,DeepHeart
SPYGEN,SPY224132,SPY224132,Western Mediterranean,France,NA,Marseille_calanques_Riou,90009,90009.1.1,43.1694583,5.3941188,43.17083,5.3815,NA,23/05/2023,NTZ,dive_transect,15,0.2,15,NA,NA,Med,DeepHeart
SPYGEN,SPY232684,SPY232684,Western Mediterranean,France,NA,Marseille_calanques_Riou,90009,90009.1.2,43.1766012,5.3696705,43.175825,5.378393,NA,24/05/2023,NTZ,dive_transect,15,0.2,15,NA,NA,Med,DeepHeart
SPYGEN,SPY232683,SPY232683,Western Mediterranean,France,NA,Marseille_calanques_Riou,90009,90009.1.2,43.1766012,5.3696705,43.175825,5.378393,NA,24/05/2023,NTZ,dive_transect,15,0.2,15,NA,NA,Med,DeepHeart
SPYGEN,SPY232678,SPY232678,Western Mediterranean,France,NA,Marseille_calanques_Riou,90009,90009.1.2,43.1766012,5.3696705,43.175825,5.378393,NA,24/05/2023,NTZ,dive_transect,15,0.2,15,NA,NA,Med,DeepHeart
SPYGEN,SPY232674,SPY232674,Western Mediterranean,France,NA,Marseille_calanques_Riou,90009,90009.1.2,43.1766012,5.3696705,43.175825,5.378393,NA,24/05/2023,NTZ,dive_transect,15,0.2,15,NA,NA,Med,DeepHeart
SPYGEN,SPY232673,SPY232673,Western Mediterranean,France,NA,Marseille_calanques_Riou,90009,90009.1.2,43.1766012,5.3696705,43.175825,5.378393,NA,24/05/2023,NTZ,dive_transect,15,0.2,15,NA,NA,Med,DeepHeart
SPYGEN,SPY232671,SPY232671,Western Mediterranean,France,NA,Marseille_calanques_Riou,90009,90009.1.2,43.1766012,5.3696705,43.175825,5.378393,NA,24/05/2023,NTZ,dive_transect,15,0.2,15,NA,NA,Med,DeepHeart
SPYGEN,SPY232140,SPY232140,Western Mediterranean,France,NA,Marseille_calanques_Riou,90009,90009.2.1,43.25269,5.36375,43.2684,5.35564,NA,15/07/2023,Outside,surface_boat_transect,30,0.2,30,NA,NA,Med,Oceanoscientific
SPYGEN,SPY232240,SPY232240,Western Mediterranean,France,NA,Marseille_calanques_Riou,90009,90009.2.2,43.26846,5.35562,43.2507,5.36468,NA,15/07/2023,Outside,surface_boat_transect,29.4,0.2,29,NA,NA,Med,Oceanoscientific
SPYGEN,SPY232234,SPY232234,Western Mediterranean,France,NA,Marseille_Carry,90004,90004.1.2,43.34039,5.01922,43.32579,5.03559,NA,16/07/2023,NTZ,surface_boat_transect,30,0.2,30,NA,NA,Med,Oceanoscientific
SPYGEN,SPY232051,SPY232051,Western Mediterranean,France,NA,Marseille_Carry,90004,90004.1.1,43.32579,5.03556,43.33842,5.02145,NA,16/07/2023,NTZ,surface_boat_transect,30,0.2,30,NA,NA,Med,Oceanoscientific
SPYGEN,SPY232041,SPY232041,Western Mediterranean,France,NA,Marseille_Carry,90004,90004.1.3,43.32734,5.15631,43.32789,5.16921,NA,26/05/2023,NTZ,surface_boat_transect,30,0.2,30,NA,NA,Med,BiodivMed
SPYGEN,SPY232048,SPY232048,Western Mediterranean,France,NA,Marseille_Carry,90004,90004.2.1,43.3292669,5.2335014,43.331383,5.238666,NA,26/05/2023,Buffer,surface_boat_transect,30,0.2,30,NA,NA,Med,BiodivMed
SPYGEN,SPY232040,SPY232040,Western Mediterranean,France,NA,Marseille_Carry,90004,90004.2.2,43.331933,5.243763,43.3301116,5.2302589,NA,26/05/2023,Buffer,surface_boat_transect,30,0.2,30,NA,NA,Med,BiodivMed
SPYGEN,SPY232056,SPY232056,Western Mediterranean,France,NA,Marseille_Carry,90004,90004.1.4,43.32803,5.16912,43.32736,5.15668,NA,26/05/2023,NTZ,surface_boat_transect,30,0.2,30,NA,NA,Med,BiodivMed
SPYGEN,SPY232042,SPY232042,Western Mediterranean,France,NA,Marseille_Carry,90004,90004.3.1,43.3481833,5.274866,43.356383,5.288333,NA,26/05/2023,Outside,surface_boat_transect,30,0.2,30,NA,NA,Med,BiodivMed
SPYGEN,SPY232049,SPY232049,Western Mediterranean,France,NA,Marseille_Carry,90004,90004.3.2,43.357,5.288983,43.3512,5.2794166,NA,26/05/2023,Outside,surface_boat_transect,30,0.2,30,NA,NA,Med,BiodivMed
